date, pm25, pm10, o3, no2, so2, co, year
10/2, 12, , 28, 2, , 2, 2022
10/3, 17, , 24, 4, , 2, 2022
10/4, 18, , 24, 2, , 2, 2022
10/5, 20, , 19, 4, , 2, 2022
10/6, 17, , 17, 6, , 2, 2022
10/7, 17, , 16, 6, , 3, 2022
10/8, 13, , 20, 3, , 2, 2022
10/9, 8, , 24, 1, , 2, 2022
10/10, 9, , 22, 2, , 2, 2022
10/11, 11, , 25, 2, , 2, 2022
10/12, 44, , 22, 2, , 2, 2022
10/13, 33, , 22, 2, , 1, 2022
10/14, 15, , 30, 2, , 2, 2022
10/15, 18, , 29, 2, , 2, 2022
10/16, 31, , 26, 4, , 2, 2022
10/17, 39, , 20, 14, , 4, 2022
10/18, 38, , 23, 20, , 5, 2022
10/19, 47, , 24, 19, , 4, 2022
10/20, 44, , 21, 6, , 3, 2022
10/21, 40, , 28, 2, , 3, 2022
10/22, 48, , 26, 1, , 2, 2022
10/23, 20, , 24, 3, , 2, 2022
10/24, 17, , 22, 9, , 4, 2022
10/25, 16, , 22, 3, , 2, 2022
10/26, 21, , 25, 10, , 3, 2022
10/27, 30, , 23, 12, , 3, 2022
10/28, 31, , 21, 8, , 3, 2022
10/29, 23, , 20, 7, , 3, 2022
10/30, 24, , 27, 2, , 2, 2022
10/31, 37, , 25, 2, , 2, 2022
11/1, 46, , 28, 2, , 2, 2022
11/2, 12, , 28, 5, , 2, 2022
11/3, 12, , 23, 9, , 2, 2022
11/4, 20, , 22, 11, , 3, 2022
11/5, 17, , 22, 5, , 2, 2022
11/6, 6, , 28, 2, , 2, 2022
11/7, 15, , 27, 5, , 2, 2022
11/8, 11, , 27, 5, , 2, 2022
11/9, 9, , 23, 11, , 3, 2022
11/10, 16, , 19, 10, , 3, 2022
11/11, 18, , 15, 14, , 4, 2022
11/12, 29, , 25, 10, , 4, 2022
11/13, 22, , 23, 8, , 3, 2022
11/14, 9, , 18, 17, , 4, 2022
11/15, 27, , 19, 18, , 4, 2022
11/16, 26, , 20, 22, , 6, 2022
11/17, 33, , 17, 18, , 5, 2022
11/18, 39, , 13, 21, , 6, 2022
11/19, 43, , 23, 12, , 3, 2022
11/20, 26, , 24, 20, , 5, 2022
11/21, 45, , 17, 24, , 5, 2022
11/22, 37, , 18, 21, , 6, 2022
11/23, 40, , 17, 20, , 6, 2022
11/24, 41, , 28, 20, , 6, 2022
11/25, 50, , 26, 22, , 6, 2022
11/26, 73, , 24, 16, , 5, 2022
11/27, 41, , 18, 17, , 6, 2022
11/28, 51, , 26, 9, , 4, 2022
11/29, 17, , 23, 12, , 4, 2022
11/30, 12, , 24, 13, , 4, 2022
12/1, 12, , 24, 7, , 4, 2022
12/2, 9, , 16, 16, , 5, 2022
12/3, 14, , 16, 13, , 5, 2022
12/4, 29, , 25, 8, , 4, 2022
12/5, 16, , 19, 11, , 3, 2022
12/6, 14, , 18, 13, , 2, 2022
12/7, 17, , 15, 15, , 3, 2022
12/8, 27, , 23, 10, , 2, 2022
12/9, 20, , 21, 14, , 3, 2022
12/10, 20, , 27, 2, , 1, 2022
12/11, 12, , 28, 3, , 2, 2022
12/12, 10, , 22, 10, , 3, 2022
12/13, 18, , 11, 17, , 5, 2022
12/14, 24, , 11, 18, , 5, 2022
12/15, 30, , 15, 14, , 3, 2022
12/16, 34, , 15, 19, , 4, 2022
12/17, 45, , 16, 19, , 4, 2022
12/18, 47, , 16, 17, , 4, 2022
12/19, 65, , 9, 15, , 3, 2022
12/20, 75, , 10, 16, , 3, 2022
12/21, 72, , 15, 19, , 3, 2022
12/22, 63, , 7, 14, , 3, 2022
12/23, 86, , 10, 15, , 3, 2022
12/24, 86, , 13, 13, , 3, 2022
12/25, 63, , 9, 12, , 3, 2022
12/26, 57, , 3, 12, , 3, 2022
12/27, 65, , 23, 5, , 2, 2022
12/28, 38, , 21, 13, , 3, 2022
12/29, 38, , 18, 11, , 2, 2022
12/30, 18, , 16, 2, , 2, 2022
12/31, 13, , 28, 5, , 2, 2022
7/2, 18, , 19, 1, , 2, 2022
7/3, 16, , 20, 1, , 2, 2022
7/4, 12, , 13, 2, , 2, 2022
7/5, 26, , 14, 1, , 2, 2022
7/6, 24, , 13, 1, , 2, 2022
7/7, 9, , 14, 1, , 2, 2022
7/8, 7, , 13, 1, , 2, 2022
7/9, 9, , 15, 1, , 2, 2022
7/10, 16, , 14, 2, , 2, 2022
7/11, 21, , 14, 2, , 2, 2022
7/12, 25, , 16, 1, , 2, 2022
7/13, 7, , 18, 1, , 2, 2022
7/14, 11, , 16, 1, , 2, 2022
7/15, 37, , 17, 1, , 2, 2022
7/16, 26, , 13, 1, , 2, 2022
7/17, 23, , 16, 1, , 2, 2022
7/18, 44, , 16, 1, , 2, 2022
7/19, 42, , 15, 1, , 2, 2022
7/20, 15, , 16, 1, , 2, 2022
7/21, 7, , 16, 2, , 2, 2022
7/22, 16, , 19, 1, , 2, 2022
7/23, 27, , 18, 1, , 2, 2022
7/24, 14, , 20, 1, , 2, 2022
7/25, 14, , 20, 1, , 2, 2022
7/26, 9, , 20, 1, , 2, 2022
7/27, 8, , 15, 1, , 2, 2022
7/28, 9, , 13, 1, , 2, 2022
7/29, 9, , 12, 1, , 2, 2022
7/30, 9, , 16, 1, , 2, 2022
7/31, 5, , 15, 1, , 2, 2022
8/1, 10, , 12, 3, , 2, 2022
8/2, 16, , 15, 3, , 2, 2022
8/3, 15, , 16, 2, , 2, 2022
8/4, 16, , 19, 1, , 2, 2022
8/5, 28, , 18, 1, , 2, 2022
8/6, 15, , 16, 1, , 2, 2022
8/7, 5, , , , , , 2022
8/9, 12, , 17, 1, , 2, 2022
8/10, 14, , 15, 2, , 2, 2022
8/11, 10, , 18, 1, , 2, 2022
8/12, 16, , 21, 1, , 2, 2022
8/13, 19, , 21, 1, , 2, 2022
8/14, 22, , 20, 1, , 2, 2022
8/15, 38, , 17, 3, , 2, 2022
8/16, 43, , 15, 5, , 3, 2022
8/17, 35, , 16, 3, , 2, 2022
8/18, 13, , 17, 2, , 2, 2022
8/19, 9, , 13, 1, , 2, 2022
8/20, 23, , 14, 1, , 2, 2022
8/21, 25, , 16, 1, , 2, 2022
8/22, 10, , 16, 2, , 2, 2022
8/23, 10, , 11, 1, , 2, 2022
8/25, 12, , 16, 1, , 2, 2022
8/26, 9, , 15, 1, , 2, 2022
8/27, 7, , 18, 1, , 2, 2022
8/28, 23, , 19, 1, , 2, 2022
8/29, 45, , 24, 2, , 2, 2022
8/30, 39, , 26, 3, , 3, 2022
8/31, 45, , 27, 2, , 3, 2022
9/1, 28, , 24, 3, , 3, 2022
9/2, 27, , 22, 2, , 3, 2022
9/3, 35, , 17, 2, , 2, 2022
9/4, 28, , 19, 6, , 3, 2022
9/5, 38, , 25, 10, , 4, 2022
9/6, 49, , 30, 11, , 4, 2022
9/7, 57, , 20, 6, , 3, 2022
9/8, 54, , 20, 10, , 4, 2022
9/9, 63, , 21, 4, , 3, 2022
9/10, 65, , 20, 2, , 2, 2022
9/11, 47, , 22, 3, , 3, 2022
9/12, 48, , 21, 2, , 2, 2022
9/13, 51, , 24, 2, , 2, 2022
9/14, 18, , 24, 2, , 2, 2022
9/15, 22, , 23, 2, , 2, 2022
9/16, 27, , 22, 3, , 2, 2022
9/17, 27, , 22, 1, , 2, 2022
9/18, 17, , 23, 1, , 2, 2022
9/19, 8, , 23, 6, , 2, 2022
9/20, 13, , 21, 7, , 2, 2022
9/21, 16, , 22, 4, , 2, 2022
9/22, 10, , 22, 7, , 3, 2022
9/23, 21, , 21, 10, , 3, 2022
9/24, 29, , 25, 11, , 4, 2022
9/25, 33, , 25, 1, , 2, 2022
9/26, 22, , 32, 2, , 2, 2022
9/27, 21, , 30, 2, , 2, 2022
9/28, 19, , 19, 3, , 2, 2022
9/29, 8, , 21, 6, , 2, 2022
9/30, 25, , 23, 12, , 3, 2022
10/1, 36, , 27, 1, , 2, 2022
4/2, 56, , 29, 5, , 2, 2022
4/3, 47, , 32, 3, , 2, 2022
4/4, 51, , 29, 2, , 2, 2022
4/5, 29, , 29, 5, , 2, 2022
4/6, 37, , 32, 15, , 4, 2022
4/7, 43, , 49, 16, , 4, 2022
4/8, 47, , 32, 7, , 3, 2022
4/9, 55, , 29, 5, , 3, 2022
4/10, 55, , 32, 4, , 2, 2022
4/11, 37, , 32, 1, , 2, 2022
4/12, 25, , 33, 2, , 2, 2022
4/13, 26, , 32, 3, , 3, 2022
4/14, 19, , 28, 2, , 3, 2022
4/15, 15, , 30, 3, , 3, 2022
4/16, 14, , 31, 1, , 3, 2022
4/17, 18, , 33, 1, , 3, 2022
4/18, 14, , 29, 5, , 2, 2022
4/19, 18, , 35, 3, , 2, 2022
4/20, 13, , 31, 3, , 2, 2022
4/21, 13, , 38, 2, , 2, 2022
4/22, 26, , 33, 2, , 2, 2022
4/23, 18, , 24, 4, , 2, 2022
4/24, 27, , 29, 1, , 2, 2022
4/25, 27, , 32, 2, , 2, 2022
4/26, 42, , 33, 2, , 2, 2022
4/27, 47, , 31, 3, , 2, 2022
4/28, 33, , 33, 3, , 2, 2022
4/29, 24, , 33, 9, , 2, 2022
4/30, 32, , 36, 3, , 2, 2022
5/1, 28, , 32, 3, , 2, 2022
5/2, 33, , 34, 3, , 2, 2022
5/3, 34, , 30, 9, , 2, 2022
5/4, 38, , 28, 6, , 2, 2022
5/5, 42, , 27, 2, , 2, 2022
5/6, 32, , 20, 3, , 2, 2022
5/7, 14, , 31, 2, , 2, 2022
5/8, 23, , 32, 2, , 2, 2022
5/9, 27, , 31, 3, , 2, 2022
5/10, 23, , 29, 3, , 2, 2022
5/11, 12, , 25, 7, , 2, 2022
5/12, 15, , 28, 3, , 2, 2022
5/13, 18, , 21, 5, , 2, 2022
5/14, 16, , 18, 4, , 3, 2022
5/15, 19, , 21, 1, , 2, 2022
5/16, 15, , 28, 2, , 2, 2022
5/17, 18, , 28, 3, , 2, 2022
5/18, 38, , 27, 5, , 2, 2022
5/19, 47, , 28, 4, , 2, 2022
5/20, 50, , 29, 4, , 2, 2022
5/21, 38, , 25, 4, , 3, 2022
5/22, 62, , 24, 1, , 2, 2022
5/23, 54, , 24, 4, , 2, 2022
5/24, 55, , 25, 9, , 2, 2022
5/25, 50, , 28, 10, , 3, 2022
5/26, 41, , 31, 2, , 2, 2022
5/27, 11, , 29, 1, , 1, 2022
5/28, 18, , 23, 1, , 1, 2022
5/29, 11, , 24, 2, , 1, 2022
5/30, 25, , 24, 3, , 1, 2022
5/31, 36, , 21, 5, , 2, 2022
6/1, 38, , 23, 2, , 2, 2022
6/2, 29, , 23, 2, , 1, 2022
6/3, 20, , 19, 2, , 1, 2022
6/4, 6, , 23, 2, , 1, 2022
6/5, 9, , 13, 2, , 2, 2022
6/6, 7, , 19, 2, , 1, 2022
6/7, 18, , 23, 2, , 1, 2022
6/8, 23, , 22, 2, , 1, 2022
6/9, 13, , 22, 4, , 2, 2022
6/10, 39, , 14, 6, , 2, 2022
6/11, 29, , 10, 4, , 2, 2022
6/12, 13, , 23, 1, , 1, 2022
6/13, 19, , 21, 4, , 2, 2022
6/14, 28, , 25, 6, , 2, 2022
6/15, 47, , 23, 3, , 2, 2022
6/16, 46, , 28, 2, , 2, 2022
6/17, 16, , 25, 2, , 2, 2022
6/18, 13, , 24, 1, , 1, 2022
6/19, 18, , 21, 2, , 2, 2022
6/20, 32, , 19, 4, , 2, 2022
6/21, 39, , 32, 13, , 4, 2022
6/22, 44, , 26, 6, , 3, 2022
6/23, 46, , 19, 5, , 2, 2022
6/24, 17, , 19, 3, , 2, 2022
6/25, 28, , 22, 1, , 2, 2022
6/26, 40, , 21, 1, , 2, 2022
6/27, 16, , 22, 2, , 2, 2022
6/28, 22, , 20, 2, , 2, 2022
6/29, 26, , 21, 1, , 2, 2022
6/30, 25, , 21, 1, , 2, 2022
7/1, 20, , 20, 1, , 2, 2022
1/4, 17, , 28, 10, , 2, 2022
1/5, 11, , 22, 11, , 2, 2022
1/6, 17, , 21, 10, , 2, 2022
1/7, 22, , 27, 6, , 2, 2022
1/8, 8, , 17, 13, , 3, 2022
1/9, 21, , 17, 13, , 3, 2022
1/10, 34, , 16, 18, , 4, 2022
1/11, 43, , 12, 23, , 4, 2022
1/12, 42, , 18, 20, , 4, 2022
1/13, 64, , 12, 21, , 4, 2022
1/14, 74, , 10, 22, , 4, 2022
1/15, 38, , 17, 17, , 3, 2022
1/16, 42, , 18, 19, , 4, 2022
1/17, 58, , 20, 17, , 3, 2022
1/18, 51, , 21, 8, , 2, 2022
1/19, 21, , 12, 14, , 2, 2022
1/20, 35, , 11, 20, , 4, 2022
1/21, 32, , 27, 14, , 3, 2022
1/22, 40, , 30, 10, , 2, 2022
1/23, 36, , 26, 17, , 4, 2022
1/24, 51, , 26, 16, , 4, 2022
1/25, 51, , 20, 13, , 2, 2022
1/26, 43, , 19, 18, , 4, 2022
1/27, 62, , 17, 25, , 5, 2022
1/28, 55, , 25, 26, , 5, 2022
1/29, 61, , 27, 18, , 4, 2022
1/30, 55, , 28, 9, , 3, 2022
1/31, 35, , 21, 13, , 3, 2022
2/1, 36, , 32, 9, , 2, 2022
2/2, 18, , 30, 7, , 1, 2022
2/3, 14, , 19, 18, , 4, 2022
2/4, 29, , 26, 20, , 4, 2022
2/5, 57, , 16, 18, , 5, 2022
2/6, 64, , 22, 11, , 3, 2022
2/7, 39, , 25, 17, , 5, 2022
2/8, 45, , 21, 23, , 6, 2022
2/9, 51, , 20, 27, , 6, 2022
2/10, 43, , 23, 22, , 6, 2022
2/11, 33, , 29, 21, , 6, 2022
2/12, 36, , 35, 19, , 6, 2022
2/13, 60, , 31, 12, , 5, 2022
2/14, 55, , 34, 2, , 2, 2022
2/15, 23, , 29, 5, , 2, 2022
2/16, 16, , 29, 10, , 3, 2022
2/17, 19, , 27, 9, , 3, 2022
2/18, 17, , 25, 16, , 4, 2022
2/19, 34, , 32, 13, , 4, 2022
2/20, 45, , 32, 1, , 3, 2022
2/21, 22, , 31, 4, , 3, 2022
2/22, 13, , 29, 3, , 3, 2022
2/23, 13, , 26, 7, , 3, 2022
2/24, 11, , 26, 13, , 4, 2022
2/25, 22, , 27, 14, , 4, 2022
2/26, 30, , 24, 18, , 5, 2022
2/27, 41, , 34, 14, , 5, 2022
2/28, 46, , 27, 16, , 5, 2022
3/1, 36, , 20, 7, , 4, 2022
3/2, 21, , 21, 12, , 4, 2022
3/3, 33, , 16, 9, , 4, 2022
3/4, 15, , 35, 4, , 3, 2022
3/5, 27, , 31, 4, , 4, 2022
3/6, 19, , 23, 8, , 4, 2022
3/7, 30, , 30, 12, , 5, 2022
3/8, 23, , 31, 15, , 5, 2022
3/9, 34, , 33, 9, , 2, 2022
3/10, 45, , 30, 12, , 2, 2022
3/11, 28, , 29, 15, , 2, 2022
3/12, 22, , 32, 7, , 2, 2022
3/13, 20, , 34, 2, , 1, 2022
3/14, 32, , 32, 8, , 2, 2022
3/15, 32, , 28, 4, , 1, 2022
3/16, 13, , 27, 8, , 2, 2022
3/17, 37, , 29, 2, , 1, 2022
3/18, 34, , 28, 4, , 1, 2022
3/19, 24, , 27, 2, , 1, 2022
3/20, 17, , 27, 4, , 2, 2022
3/21, 31, , 27, 12, , 3, 2022
3/22, 44, , 20, 14, , 4, 2022
3/23, 35, , 28, 2, , 2, 2022
3/24, 21, , 28, 2, , 2, 2022
3/25, 23, , 29, 2, , 2, 2022
3/26, 15, , 26, 2, , 2, 2022
3/27, 14, , 29, 1, , 1, 2022
3/28, 15, , 32, 4, , 2, 2022
3/29, 18, , 26, 2, , 2, 2022
3/30, 18, , 27, 2, , 2, 2022
3/31, 26, , 24, 7, , 2, 2022
4/1, 44, , 28, 3, , 2, 2022
1/1, 11, , 22, 11, , 2, 2022
1/2, 21, , 25, 19, , 3, 2022
1/3, 36, , 28, 7, , 2, 2022
8/8, , , 17, 1, , 2, 2022
8/24, , , 17, 1, , 2, 2022
10/2, 39, , 36, 10, , 4, 2021
10/3, 47, , 41, 11, , 4, 2021
10/4, 45, , 28, 12, , 4, 2021
10/5, 36, , 29, 2, , 2, 2021
10/6, 17, , 27, 2, , 2, 2021
10/7, 17, , 24, 2, , 2, 2021
10/8, 33, , 26, 2, , 2, 2021
10/9, 18, , 27, 4, , 3, 2021
10/10, 17, , 28, 4, , 3, 2021
10/11, 30, , 28, 3, , 2, 2021
10/12, 24, , 26, 3, , 2, 2021
10/13, 17, , 25, 5, , 2, 2021
10/14, 24, , 24, 14, , 3, 2021
10/15, 33, , 28, 18, , 4, 2021
10/16, 38, , 43, 17, , 4, 2021
10/17, 41, , 31, 3, , 2, 2021
10/18, 23, , 28, 3, , 1, 2021
10/19, 12, , 30, 6, , 2, 2021
10/20, 19, , 26, 9, , 2, 2021
10/21, 12, , 18, 4, , 2, 2021
10/22, 10, , 29, 2, , 1, 2021
10/23, 16, , 25, 2, , 2, 2021
10/24, 15, , 34, 1, , 1, 2021
10/25, 7, , 29, 3, , 2, 2021
10/26, 22, , 25, 4, , 2, 2021
10/27, 25, , 19, 9, , 3, 2021
10/28, 27, , 17, 12, , 4, 2021
10/29, 35, , 20, 9, , 4, 2021
10/30, 38, , 26, 2, , 1, 2021
10/31, 11, , 26, 4, , 2, 2021
11/1, 12, , 16, 5, , 2, 2021
11/2, 13, , 17, 10, , 3, 2021
11/3, 23, , 21, 12, , 4, 2021
11/4, 29, , 27, 5, , 2, 2021
11/5, 29, , 24, 9, , 3, 2021
11/6, 27, , 25, 6, , 2, 2021
11/7, 16, , 27, 7, , 2, 2021
11/8, 14, , 33, 11, , 3, 2021
11/9, 20, , 27, 5, 8, 3, 2021
11/10, 17, , 23, 8, , 3, 2021
11/11, 23, , 20, 16, , 4, 2021
11/12, 37, , 17, 16, , 5, 2021
11/13, 46, , 12, 15, , 5, 2021
11/14, 59, , 12, 10, , 4, 2021
11/15, 63, , 10, 10, , 3, 2021
11/16, 68, , 12, 10, , 3, 2021
11/17, 24, , 21, 15, , 3, 2021
11/18, 31, , 21, 11, , 3, 2021
11/19, 57, , 22, 8, , 3, 2021
11/20, 37, , 17, 11, , 3, 2021
11/21, 33, , 21, 15, , 4, 2021
11/22, 31, , 17, 17, , 4, 2021
11/23, 45, , 17, 17, , 4, 2021
11/24, 45, , 23, 20, , 4, 2021
11/25, 30, , 23, 16, , 4, 2021
11/26, 50, , 23, 12, , 3, 2021
11/27, 60, , 20, 19, , 5, 2021
11/28, 48, , 30, 17, , 5, 2021
11/29, 70, , 19, 17, , 5, 2021
11/30, 62, , 13, 20, , 6, 2021
12/1, 49, , 18, 28, , 7, 2021
12/2, 67, , 30, 21, , 6, 2021
12/3, 91, , 32, 7, , 3, 2021
12/7, 94, , 15, 13, , 4, 2021
12/8, 53, , 28, 6, , 2, 2021
12/9, 15, , 27, 6, , 2, 2021
12/10, 23, , 21, 12, , 3, 2021
12/11, 22, , 23, 14, , 4, 2021
12/12, 29, , 28, 3, , 2, 2021
12/13, 14, , 32, 3, , 3, 2021
12/14, 7, , 27, 8, , 3, 2021
12/15, 15, , 28, 7, , 3, 2021
12/16, 12, , 27, 8, , 3, 2021
12/17, 19, , 14, 14, , 4, 2021
12/18, 25, , 16, 13, , 4, 2021
12/19, 44, , 9, 14, , 5, 2021
12/21, 38, , 13, 15, , 2, 2021
12/22, 52, , 10, 17, , 3, 2021
12/23, 34, , 26, 6, , 1, 2021
12/24, 12, , 31, 5, , 1, 2021
12/25, 19, , 32, 1, , 1, 2021
12/26, 15, , 31, 4, , 1, 2021
12/27, 16, , 31, 3, , 1, 2021
12/28, 12, , 27, 8, , 1, 2021
12/29, 12, , 19, 11, , 2, 2021
12/30, 13, , 20, 10, , 2, 2021
12/31, 13, , 24, 10, , 2, 2021
7/2, 12, , 17, 1, , 1, 2021
7/3, 11, , 20, 1, , 1, 2021
7/4, 11, , 21, 1, , 1, 2021
7/5, 26, , 19, 1, , 1, 2021
7/6, 9, , 19, 1, , 1, 2021
7/7, 13, , 20, 1, , 1, 2021
7/8, 18, , 19, 3, , 1, 2021
7/9, 43, , 17, 4, , 1, 2021
7/10, 47, , 18, 1, , 1, 2021
7/11, 31, , 19, 1, , 1, 2021
7/12, 34, , 18, 1, , 1, 2021
7/13, 25, , 23, 1, , 1, 2021
7/14, 24, , 23, 1, , 2, 2021
7/15, 18, , 20, 1, , 1, 2021
7/16, 16, , 21, 1, , 1, 2021
7/17, 24, , 15, 2, , 1, 2021
7/18, 26, , 18, 1, , 1, 2021
7/19, 28, , 18, 2, , 1, 2021
7/20, 39, , 17, 1, , 1, 2021
7/21, 24, , 17, 1, , 1, 2021
7/22, 43, , 17, 1, , 1, 2021
7/23, 46, , 19, 2, , 1, 2021
7/24, 39, , 20, 1, , 1, 2021
7/25, 16, , 20, 1, , 1, 2021
7/26, 18, , 19, 2, , 1, 2021
7/27, 10, , 17, 3, , 1, 2021
7/28, 13, , 17, 2, , 1, 2021
7/29, 10, , 19, 2, , 1, 2021
7/30, 15, , 18, 1, , 1, 2021
7/31, 11, , 26, 1, , 1, 2021
8/1, 9, , 23, 1, , 1, 2021
8/2, 14, , 25, 1, , 1, 2021
8/3, 7, , 20, 1, , 2, 2021
8/4, 12, , 20, 1, , 2, 2021
8/5, 7, , 13, 1, , 2, 2021
8/6, 13, , 12, 3, , 2, 2021
8/7, 27, , 15, 1, , 2, 2021
8/8, 8, , 24, 1, , 2, 2021
8/9, 14, , 22, 1, , 2, 2021
8/10, 34, , 22, 3, , 2, 2021
8/11, 34, , 23, 2, , 2, 2021
8/12, 26, , 24, 2, , 3, 2021
8/13, 42, , 22, 2, , 2, 2021
8/14, 19, , 23, 1, , 2, 2021
8/15, 24, , 19, 1, , 2, 2021
8/16, 25, , 16, 1, , 2, 2021
8/17, 42, , 26, 1, , 2, 2021
8/18, 39, , 22, 6, , 3, 2021
8/19, 50, , 26, 3, , 2, 2021
8/20, 46, , 32, 3, , 3, 2021
8/21, 51, , 31, 1, , 3, 2021
8/22, 56, , 23, 1, , 2, 2021
8/23, 18, , 29, 2, , 2, 2021
8/24, 32, , 29, 2, , 3, 2021
8/25, 32, , 30, 2, , 3, 2021
8/26, 37, , 21, 3, , 3, 2021
8/27, 42, , 22, 10, , 4, 2021
8/28, 53, , 31, 9, , 5, 2021
8/29, 72, , 28, 2, , 3, 2021
8/30, 34, , 29, 2, , 3, 2021
8/31, 49, , 30, 1, , 3, 2021
9/1, 46, , 29, 1, , 3, 2021
9/2, 44, , 28, 2, , 4, 2021
9/3, 66, , 28, 3, , 4, 2021
9/4, 60, , 35, 4, , 4, 2021
9/5, 60, , 26, 5, , 4, 2021
9/6, 61, , 21, 4, , 3, 2021
9/7, 32, , 21, 5, , 3, 2021
9/8, 34, , 25, 4, , 3, 2021
9/9, 31, , 23, 2, , 2, 2021
9/10, 26, , 24, 2, , 2, 2021
9/11, 15, , 27, 1, , 2, 2021
9/12, 31, , 21, 2, , 2, 2021
9/13, 36, , 22, 2, , 2, 2021
9/14, 51, , 24, 4, , 3, 2021
9/15, 39, , 33, 2, , 3, 2021
9/16, 47, , 31, 2, , 3, 2021
9/17, 37, , 28, 2, , 3, 2021
9/18, 40, , 23, 2, , 2, 2021
9/19, 25, , 27, 3, , 2, 2021
9/20, 18, , 29, 13, , 4, 2021
9/21, 29, , 39, 14, , 4, 2021
9/22, 35, , 30, 4, , 3, 2021
9/23, 22, , 27, 7, , 3, 2021
9/24, 35, , 27, 5, , 3, 2021
9/25, 16, , 30, 1, , 2, 2021
9/26, 24, , 31, 1, , 2, 2021
9/27, 20, , 28, 2, , 2, 2021
9/28, 14, , 26, 4, , 3, 2021
9/29, 20, , 22, 8, , 3, 2021
9/30, 35, , 24, 14, , 4, 2021
10/1, 37, , 33, 13, , 5, 2021
4/2, 41, , 36, 3, , 3, 2021
4/3, 33, , 37, 1, , 2, 2021
4/4, 24, , 34, 1, , 2, 2021
4/5, 12, , 32, 2, , 2, 2021
4/6, 19, , 34, 2, , 3, 2021
4/7, 36, , 34, 1, , 4, 2021
4/8, 30, , 31, 3, , 4, 2021
4/9, 26, , 34, 2, , 4, 2021
4/10, 39, , 32, 3, , 4, 2021
4/11, 35, , 32, 2, , 4, 2021
4/12, 51, , 32, 2, , 4, 2021
4/13, 65, , 36, 1, , 4, 2021
4/14, 54, , 40, 3, , 2, 2021
4/15, 54, , 38, 2, , 2, 2021
4/16, 46, , 35, 2, , 2, 2021
4/17, 38, , 33, 2, , 2, 2021
4/18, 39, , 36, 6, , 2, 2021
4/19, 39, , 35, 2, , 2, 2021
4/20, 45, , 29, 4, , 2, 2021
4/21, 41, , 36, 2, , 1, 2021
4/22, 56, , 36, 2, , 2, 2021
4/23, 53, , 35, 1, , 2, 2021
4/24, 47, , 35, 1, , 2, 2021
4/25, 18, , 35, 2, , 2, 2021
4/26, 16, , 36, 3, , 2, 2021
4/27, 17, , 30, 8, , 2, 2021
4/28, 22, , 34, 8, , 3, 2021
4/29, 30, , 32, 2, , 2, 2021
4/30, 24, , 28, 2, , 2, 2021
5/1, 13, , 29, 1, , 1, 2021
5/2, 23, , 28, 4, , 2, 2021
5/3, 46, , 30, 5, , 1, 2021
5/4, 52, , 26, 5, , 1, 2021
5/5, 53, , 35, 3, , 1, 2021
5/6, 28, , 35, 1, , , 2021
5/7, 21, , 34, 4, , 2, 2021
5/8, 45, , 35, 7, , 2, 2021
5/9, 52, , 30, 3, , 2, 2021
5/10, 53, , 30, 5, , 2, 2021
5/11, 56, , 32, 4, , 2, 2021
5/12, 35, , 33, 2, , 2, 2021
5/13, 16, , 32, 1, , 2, 2021
5/14, 17, , 35, 1, , 2, 2021
5/15, 35, , 34, 1, , 3, 2021
5/16, 28, , 36, 1, , 2, 2021
5/17, 20, , 32, 2, , 2, 2021
5/18, 15, , 36, 2, , 1, 2021
5/19, 28, , 35, 1, , 1, 2021
5/20, 29, , 33, 3, , 1, 2021
5/21, 27, , 31, 3, , 1, 2021
5/22, 35, , 35, 3, , 1, 2021
5/23, 45, , 35, 1, , 1, 2021
5/24, 21, , 28, 1, , 1, 2021
5/25, 16, , 29, 1, , 1, 2021
5/26, 20, , 26, 2, , 1, 2021
5/27, 33, , 24, 1, , 1, 2021
5/28, 20, , 27, 1, , 1, 2021
5/29, 36, , 26, 1, , 1, 2021
5/30, 44, , 27, 1, , 1, 2021
5/31, 50, , 28, 3, , 1, 2021
6/1, 57, , 25, 2, , 1, 2021
6/2, 18, , 18, 1, , 1, 2021
6/3, 9, , 14, 1, , 1, 2021
6/4, 27, , 28, 1, , 1, 2021
6/5, 29, , 28, 1, , 1, 2021
6/6, 45, , 29, 1, , 1, 2021
6/7, 53, , 27, 1, , 1, 2021
6/8, 30, , 25, 1, , 1, 2021
6/9, 13, , 24, 1, , 1, 2021
6/10, 9, , 22, 1, , 1, 2021
6/11, 9, , 22, 2, , 1, 2021
6/12, 10, , 19, 2, , 1, 2021
6/13, 10, , 15, 1, , 1, 2021
6/14, 9, , 23, 1, , 1, 2021
6/15, 9, , 20, 2, , 1, 2021
6/16, 22, , 21, 7, , 2, 2021
6/17, 43, , 22, 10, , 2, 2021
6/18, 56, , 27, 4, , 2, 2021
6/19, 64, , 25, 1, , 1, 2021
6/20, 55, , 25, 1, , 1, 2021
6/21, 20, , 23, 1, , 1, 2021
6/22, 14, , 19, 2, , 1, 2021
6/23, 10, , 17, 1, , 1, 2021
6/24, 7, , 20, 1, , 1, 2021
6/25, 7, , 18, 1, , 1, 2021
6/26, 9, , 16, 1, , 1, 2021
6/27, 10, , 15, 1, , 1, 2021
6/28, 8, , 14, 1, , 1, 2021
6/29, 12, , 13, 1, , 1, 2021
6/30, 22, , 16, 1, , 1, 2021
7/1, 19, , 16, 1, , 1, 2021
1/5, 42, , 17, 15, , 5, 2021
1/6, 33, , 12, 21, , 5, 2021
1/7, 47, , 16, 15, , 3, 2021
1/8, 44, , 12, 18, , 3, 2021
1/9, 52, , 16, 12, , 3, 2021
1/10, 42, , 15, 15, , 4, 2021
1/11, 48, , 13, 17, , 2, 2021
1/12, 56, , 5, 25, , 5, 2021
1/13, 66, , 14, 20, , 5, 2021
1/14, 48, , 11, 15, , 4, 2021
1/15, 51, , 14, 17, , 5, 2021
1/16, 52, , 13, 16, , 5, 2021
1/17, 52, , 17, 17, , 5, 2021
1/18, 41, , 32, 12, , 4, 2021
1/19, 33, , 30, 5, , 2, 2021
1/20, 27, , 20, 19, , 4, 2021
1/21, 55, , 25, 15, , 4, 2021
1/22, 41, , 28, 8, , 3, 2021
1/23, 20, , 21, 8, , 3, 2021
1/24, 35, , 30, 4, , 3, 2021
1/25, 21, , 30, 3, , 2, 2021
1/26, 18, , 30, 10, , 3, 2021
1/27, 22, , 30, 5, , 2, 2021
1/28, 23, , 28, 8, , 2, 2021
1/29, 20, , 25, 13, , 3, 2021
1/30, 17, , 23, 12, , 3, 2021
1/31, 28, , 23, 14, , 3, 2021
2/1, 30, , 26, 13, , 3, 2021
2/2, 28, , 28, 6, , 1, 2021
2/3, 13, , 29, 10, , 2, 2021
2/4, 15, , 29, 13, , 2, 2021
2/5, 22, , 18, 21, , 3, 2021
2/6, 41, , 21, 16, , 4, 2021
2/7, 41, , 23, 14, , 4, 2021
2/8, 42, , 20, 12, , 2, 2021
2/9, 39, , 24, 5, , 2, 2021
2/10, 24, , 29, 5, , 2, 2021
2/11, 24, , 34, 9, , 2, 2021
2/12, 20, , 32, 4, , 1, 2021
2/13, 16, , 34, 2, , 2, 2021
2/14, 20, , 30, 4, , 2, 2021
2/15, 21, , 30, 2, , 2, 2021
2/16, 37, , 27, 7, , 2, 2021
2/17, 29, , 25, 14, , 3, 2021
2/18, 24, , 28, 13, , 3, 2021
2/19, 28, , 29, 7, , 2, 2021
2/20, 19, , 31, 3, , 2, 2021
2/21, 23, , 24, 13, , 3, 2021
2/22, 24, , 25, 17, , 4, 2021
2/23, 43, , 28, 15, , 4, 2021
2/27, 40, , 29, 6, , 2, 2021
2/28, 31, , 31, 9, , 3, 2021
3/1, 22, , 36, 12, , 4, 2021
3/2, 28, , 37, 15, , 4, 2021
3/3, 34, , 38, 12, , 3, 2021
3/4, 39, , 34, 9, , 2, 2021
3/5, 34, , 34, 12, , 2, 2021
3/6, 30, , 32, 4, , 1, 2021
3/7, 12, , 36, 8, , 2, 2021
3/8, 16, , 36, 3, , 2, 2021
3/9, 24, , 34, 5, , 2, 2021
3/10, 16, , 34, 6, , 2, 2021
3/11, 12, , 31, 6, , 2, 2021
3/12, 14, , 28, 9, , 3, 2021
3/13, 26, , 36, 2, , 2, 2021
3/14, 26, , 35, 2, , 1, 2021
3/15, 10, , 32, 3, , 1, 2021
3/16, 21, , 32, 8, , 2, 2021
3/17, 19, , 32, 8, , 2, 2021
3/18, 20, , 29, 7, , 2, 2021
3/19, 24, , 33, 7, , 3, 2021
3/20, 15, , 32, 5, , 2, 2021
3/21, 14, , 29, 9, , 3, 2021
3/22, 24, , 32, 4, , 2, 2021
3/23, 24, , 35, 4, , 2, 2021
3/24, 12, , 31, 5, , 2, 2021
3/25, 23, , 30, 3, , 2, 2021
3/26, 31, , 30, 11, , 3, 2021
3/27, 36, , 31, 11, , 4, 2021
3/28, 42, , 29, 7, , 3, 2021
3/29, 39, , 31, 6, , 3, 2021
3/30, 43, , 32, 16, , 4, 2021
3/31, 35, , 40, 18, , 5, 2021
4/1, 38, , 42, 18, , 5, 2021
10/2, 120, , 28, 15, , 7, 2020
10/3, 120, , 25, 8, , 4, 2020
10/4, 54, , 22, 2, , 3, 2020
10/5, 34, , 21, 8, , 3, 2020
10/6, 35, , 29, 7, , 4, 2020
10/7, 46, , 29, 3, , 3, 2020
10/8, 83, , 30, 2, , 2, 2020
10/9, 56, , 18, 4, , 2, 2020
10/10, 13, , 19, 5, , 2, 2020
10/11, 13, , 24, 6, , 2, 2020
10/12, 30, , 28, 13, , 4, 2020
10/13, 42, , 22, 13, , 4, 2020
10/14, 45, , 19, 15, , 5, 2020
10/15, 45, , 31, 22, , 6, 2020
10/16, 53, , 27, 17, , 5, 2020
10/17, 41, , 37, 20, , 5, 2020
10/18, 48, , 31, 7, , 3, 2020
10/19, 50, , 19, 6, , 2, 2020
10/20, 33, , 23, 11, , 3, 2020
10/21, 36, , 18, 11, , 3, 2020
10/22, 50, , 24, 6, , 2, 2020
10/23, 44, , 30, 7, , 2, 2020
10/24, 30, , 30, 3, , 2, 2020
10/25, 34, , 31, 3, , 2, 2020
10/26, 33, , 34, 6, , 2, 2020
10/27, 37, , 29, 19, , 5, 2020
10/28, 38, , 35, 17, , 4, 2020
10/29, 48, , 42, 17, , 4, 2020
10/30, 52, , 28, 10, , 4, 2020
10/31, 46, , 34, 14, , 5, 2020
11/1, 48, , 38, 18, , 6, 2020
11/2, 62, , 29, 19, , 5, 2020
11/3, 59, , 25, 5, , 2, 2020
11/4, 31, , 16, 8, , 3, 2020
11/5, 14, , 20, 12, , 4, 2020
11/6, 24, , 32, 3, , 2, 2020
11/7, 14, , 26, 4, , 2, 2020
11/8, 24, , 29, 5, , 2, 2020
11/9, 25, , 21, 12, , 3, 2020
11/10, 25, , 26, 13, , 4, 2020
11/11, 29, , 25, 9, , 3, 2020
11/12, 25, , 26, 11, , 4, 2020
11/13, 33, , 27, 7, , 3, 2020
11/14, 18, , 23, 10, , 4, 2020
11/15, 26, , 20, 18, , 6, 2020
11/16, 42, , 20, 18, , 6, 2020
11/17, 39, , 32, 19, , 6, 2020
11/18, 45, , , , , , 2020
11/23, 31, , 21, 9, , 4, 2020
11/24, 17, , 28, 12, , 5, 2020
11/25, 32, , 22, 7, , 3, 2020
11/26, 18, , 23, 7, , 2, 2020
11/27, 16, , 18, 18, , 4, 2020
11/28, 26, , 23, 19, , 4, 2020
11/29, 51, , 19, 22, , 5, 2020
11/30, 54, , 14, 19, , 4, 2020
12/1, 46, , 17, 17, , 4, 2020
12/2, 33, , 18, 19, , 5, 2020
12/3, 45, , 23, 22, , 5, 2020
12/4, 62, , 12, 26, , 7, 2020
12/5, 94, , , , , , 2020
12/7, 31, , 25, 15, , 4, 2020
12/8, 20, , 12, 28, , 7, 2020
12/9, 38, , 26, 24, , 6, 2020
12/10, 77, , 28, 20, , 5, 2020
12/11, 58, , 25, 10, , 3, 2020
12/12, 20, , 24, 6, , 3, 2020
12/13, 15, , 28, 6, , 4, 2020
12/14, 24, , 19, 12, , 4, 2020
12/15, 24, , 8, 19, , 6, 2020
12/16, 42, , 14, 15, , 5, 2020
12/17, 49, , 27, 7, , 4, 2020
12/18, 20, , 14, 18, , 5, 2020
12/19, 31, , 18, 16, , 6, 2020
12/20, 52, , 19, 14, , 6, 2020
12/21, 53, , 17, 14, , 6, 2020
12/22, 57, , 19, 16, , 5, 2020
12/23, 28, , 22, 17, , 5, 2020
12/24, 28, , 14, 15, , 4, 2020
12/25, 68, , 30, 11, , 4, 2020
12/26, 46, , 30, 8, , 3, 2020
12/27, 24, , 20, 11, , 4, 2020
12/28, 29, , 23, 8, , 3, 2020
12/29, 24, , 16, 17, , 5, 2020
12/30, 33, , 24, 11, , 4, 2020
12/31, 25, , 28, 8, , 4, 2020
1/1, 30, , 25, 11, , 6, 2021
1/2, 65, , 17, 10, , 4, 2021
1/3, 36, , 17, 12, , 5, 2021
1/4, 52, , 26, 11, , 4, 2021
7/2, 45, , 24, 2, , 1, 2020
7/3, 40, , 31, 1, , 1, 2020
7/4, 42, , 29, 2, 3, 1, 2020
7/5, 67, , 28, 1, 1, 1, 2020
7/6, 56, , 27, 1, , 1, 2020
7/7, 43, , 24, 2, , 1, 2020
7/8, 43, , 19, 1, 1, 1, 2020
7/9, 46, , 18, 2, , 1, 2020
7/10, 49, , 16, 1, , 1, 2020
7/11, 28, , 22, 1, , 1, 2020
7/12, 41, , 22, 1, , 1, 2020
7/13, 46, , 25, 1, , 1, 2020
7/14, 49, , 24, 1, , 1, 2020
7/15, 40, , 24, 2, , 1, 2020
7/16, 20, , 24, 1, , 1, 2020
7/17, 18, , 24, 1, , 1, 2020
7/18, 15, , 24, 1, , 1, 2020
7/19, 18, , 24, 1, , 1, 2020
7/20, 13, , 21, 1, , 1, 2020
7/21, 13, , 24, 1, 1, 1, 2020
7/22, 11, , 20, 1, 1, 1, 2020
7/23, 13, , 31, 1, , 1, 2020
7/24, 15, , 31, 1, , 1, 2020
7/25, 37, , 31, 1, , 1, 2020
7/26, 34, , 34, 1, , 1, 2020
7/27, 28, , 31, 1, , 1, 2020
7/28, 15, , 22, 2, 1, 1, 2020
7/29, 36, , 23, 2, , 1, 2020
7/30, 13, , 23, 1, , 1, 2020
7/31, 17, , 17, 1, , 1, 2020
8/1, 23, , 13, 1, , 1, 2020
8/2, 17, , 15, 1, , 1, 2020
8/3, 25, , 15, 2, , 1, 2020
8/4, 28, , 20, 1, , 1, 2020
8/5, 32, , 21, 1, , 1, 2020
8/6, 33, , 20, 2, , 1, 2020
8/7, 29, , 20, 2, , 1, 2020
8/8, 50, , 19, 2, , 1, 2020
8/9, 37, , 20, 1, , 1, 2020
8/10, 25, , 23, 1, , 1, 2020
8/11, 29, , 21, 1, , 1, 2020
8/12, 20, , 20, 2, , 1, 2020
8/13, 19, , 26, 8, , 2, 2020
8/14, 51, , 28, 11, 4, 3, 2020
8/15, 41, , 25, 5, 1, 2, 2020
8/16, 45, , 24, 5, , 2, 2020
8/17, 42, , 15, 5, , 2, 2020
8/18, 27, , 16, 7, 1, 2, 2020
8/19, 45, , 20, 6, 1, 4, 2020
8/20, 107, , 11, 2, , 2, 2020
8/21, 64, , 17, 3, , 3, 2020
8/22, 78, , 20, 3, 1, 3, 2020
8/23, 71, , 23, 2, , 3, 2020
8/24, 69, , 21, 5, , 3, 2020
8/25, 61, , 24, 2, , 3, 2020
8/26, 71, , 21, 1, , 1, 2020
8/27, 34, , 20, 2, , 1, 2020
8/28, 30, , 21, 2, , 5, 2020
8/29, 83, , 20, 2, , 3, 2020
8/30, 51, , 20, 1, , 2, 2020
8/31, 54, , 26, 3, , 3, 2020
9/1, 82, , 28, 2, , 3, 2020
9/2, 68, , 28, 2, , 2, 2020
9/3, 43, , 26, 2, , 3, 2020
9/4, 66, , 28, 3, , 3, 2020
9/5, 61, , 35, 10, , 4, 2020
9/6, 73, , 46, 16, , 7, 2020
9/7, 90, , 28, 14, , 5, 2020
9/8, 77, , 19, 6, , 3, 2020
9/9, 45, , 28, 6, , 5, 2020
9/10, 88, , 28, 8, , 11, 2020
9/11, 185, , 31, 13, , 15, 2020
9/12, 205, , 32, 7, , 14, 2020
9/13, 171, , 37, 3, , 14, 2020
9/14, 179, , 36, 3, , 11, 2020
9/15, 182, , 18, 4, , 3, 2020
9/16, 79, , 9, 3, , 2, 2020
9/17, 18, , 17, 3, , 2, 2020
9/18, 19, , 24, 2, , 3, 2020
9/19, 24, , 23, 3, , 3, 2020
9/20, 35, , 26, 7, , 4, 2020
9/21, 50, , 23, 2, , 3, 2020
9/22, 41, , 21, 2, , 2, 2020
9/23, 17, , 18, 4, , 2, 2020
9/24, 20, , 25, 3, , 2, 2020
9/25, 21, , 23, 3, , 2, 2020
9/26, 41, , 19, 7, , 2, 2020
9/27, 35, , 35, 13, , 4, 2020
9/28, 59, , 35, 15, , 5, 2020
9/29, 64, , 33, 4, , 2, 2020
9/30, 17, , 29, 9, , 4, 2020
10/1, 62, , 27, 22, , 8, 2020
4/2, 20, , 26, 7, 1, 2, 2020
4/3, 23, , 26, 5, 1, 2, 2020
4/4, 19, , 28, 2, , 2, 2020
4/5, 15, , 31, 1, , 2, 2020
4/6, 11, , 26, 10, , 3, 2020
4/7, 23, , 31, 8, 1, 3, 2020
4/8, 23, , 30, 2, , 2, 2020
4/9, 26, , 29, 4, , 3, 2020
4/10, 14, , 29, 3, , 3, 2020
4/11, 22, , 29, 1, , 3, 2020
4/12, 16, , 32, 1, , 3, 2020
4/13, 47, , 33, 3, , 3, 2020
4/14, 52, , 34, 7, 1, 3, 2020
4/15, 36, , 28, 8, 1, 3, 2020
4/16, 46, , 23, 2, , 3, 2020
4/17, 20, , 30, 2, , 3, 2020
4/18, 28, , 32, 1, , 3, 2020
4/19, 23, , 32, 1, , 3, 2020
4/20, 21, , 31, 3, , 3, 2020
4/21, 22, , 28, 2, , 3, 2020
4/22, 24, , 22, 3, , 3, 2020
4/23, 26, , 25, 3, 1, 3, 2020
4/24, 18, , 24, 7, 1, 3, 2020
4/25, 38, , 20, 3, 1, 3, 2020
4/26, 28, , 33, 1, , 3, 2020
4/27, 27, , 28, 3, 1, 3, 2020
4/28, 27, , 21, 5, , 3, 2020
4/29, 16, , 20, 1, 1, 3, 2020
4/30, 14, , 31, 2, 1, 3, 2020
5/1, 26, , 30, 3, , 3, 2020
5/2, 25, , 26, 1, , 3, 2020
5/3, 10, , 31, 2, , 3, 2020
5/4, 20, , 35, 5, 1, 3, 2020
5/5, 30, , 32, 2, , 2, 2020
5/6, 21, , 32, 6, , 2, 2020
5/7, 38, , 28, 11, 1, 2, 2020
5/8, 56, , 31, 8, 1, 2, 2020
5/9, 50, , 34, 1, , 1, 2020
5/10, 34, , 35, 1, , 1, 2020
5/11, 32, , 28, 3, , 1, 2020
5/12, 19, , 33, 2, , 1, 2020
5/13, 18, , 24, 3, , 1, 2020
5/14, 23, , 25, 2, , 1, 2020
5/15, 14, , 29, 1, , 1, 2020
5/16, 15, , 28, 1, , 1, 2020
5/17, 11, , 29, 1, , 1, 2020
5/18, 22, , 31, 1, , 1, 2020
5/19, 17, , 28, 2, , 1, 2020
5/20, 20, , 24, 3, , 1, 2020
5/21, 28, , 29, 2, , 1, 2020
5/22, 37, , 27, 2, 1, 1, 2020
5/23, 34, , 26, 3, , 1, 2020
5/24, 43, , 27, 2, 1, 1, 2020
5/25, 48, , 29, 5, 1, 2, 2020
5/26, 49, , 23, 6, 1, 2, 2020
5/27, 47, , 24, 4, 1, 2, 2020
5/28, 43, , 26, 1, , 1, 2020
5/29, 16, , 24, 1, , 1, 2020
5/30, 12, , 26, 1, , 1, 2020
5/31, 17, , 24, 1, , 1, 2020
6/1, 17, , 24, 2, , 1, 2020
6/2, 33, , 27, 7, 1, 2, 2020
6/3, 50, , 23, 7, 1, 2, 2020
6/4, 57, , 28, 4, , 1, 2020
6/5, 63, , 26, 1, , 1, 2020
6/6, 39, , 27, 1, , 1, 2020
6/7, 21, , 25, 1, , 1, 2020
6/8, 23, , 23, 4, 1, 1, 2020
6/9, 24, , 23, 6, 1, 2, 2020
6/10, 33, , 14, 3, 1, 1, 2020
6/11, 20, , 19, 2, , 1, 2020
6/12, 22, , 23, 2, , 1, 2020
6/13, 21, , 22, 1, , 1, 2020
6/14, 18, , 20, 1, , 1, 2020
6/15, 14, , 24, 2, , 1, 2020
6/16, 22, , 24, 3, 1, 1, 2020
6/17, 32, , 23, 7, 1, 2, 2020
6/18, 30, , 26, 7, 1, 2, 2020
6/19, 53, , 24, 2, , 1, 2020
6/20, 33, , 21, 1, , 1, 2020
6/21, 16, , 20, 1, , 1, 2020
6/22, 21, , 23, 1, , 1, 2020
6/23, 29, , 24, 2, , 1, 2020
6/24, 21, , 21, 1, 1, 1, 2020
6/25, 28, , 17, 1, , 1, 2020
6/26, 18, , 20, 2, , 1, 2020
6/27, 19, , 23, 1, , 1, 2020
6/28, 23, , 22, 1, , 1, 2020
6/29, 53, , 21, 3, 1, 1, 2020
6/30, 54, , 20, 3, , 1, 2020
7/1, 53, , 22, 1, , 1, 2020
1/2, 39, , 12, 20, 1, 5, 2020
1/3, 34, , 18, 22, 1, 5, 2020
1/4, 58, , 23, 10, 1, 2, 2020
1/5, 28, , 27, 10, 1, 2, 2020
1/6, 23, , 15, 20, 1, 3, 2020
1/7, 29, , 30, 13, 1, 3, 2020
1/8, 32, , 28, 10, 1, 2, 2020
1/9, 21, , 28, 10, , 3, 2020
1/10, 20, , 30, 13, 1, 3, 2020
1/11, 32, , 28, 7, , 2, 2020
1/12, 23, , 30, 8, 1, 2, 2020
1/13, 23, , 30, 9, 1, 2, 2020
1/14, 15, , 29, 7, , 2, 2020
1/15, 26, , 24, 13, 1, 3, 2020
1/16, 26, , 28, 9, , 3, 2020
1/17, 19, , 21, 18, 1, 4, 2020
1/18, 30, , 21, 10, , 3, 2020
1/19, 21, , 16, 11, , 3, 2020
1/20, 29, , 29, 14, 1, 4, 2020
1/21, 45, , 24, 8, , 3, 2020
1/22, 15, , 21, 17, 1, 4, 2020
1/23, 29, , 12, 18, 1, 4, 2020
1/24, 41, , 21, 13, 1, 4, 2020
1/25, 32, , 24, 7, , 3, 2020
1/26, 32, , 31, 3, , 3, 2020
1/27, 21, , 27, 9, 1, 2, 2020
1/28, 33, , 26, 8, , 2, 2020
1/29, 31, , 20, 13, 1, 3, 2020
1/30, 45, , 16, 13, 1, 3, 2020
1/31, 33, , 13, 19, 1, 5, 2020
2/1, 50, , 22, 13, 1, 4, 2020
2/2, 67, , 31, 4, , 2, 2020
2/3, 23, , 28, 5, 1, 2, 2020
2/4, 14, , 27, 10, 1, 3, 2020
2/5, 19, , 20, 19, 1, 5, 2020
2/6, 36, , 21, 18, 2, 5, 2020
2/7, 44, , 23, 15, 2, 5, 2020
2/8, 45, , 23, 6, , 3, 2020
2/9, 36, , 28, 4, , 3, 2020
2/10, 18, , 26, 14, , 5, 2020
2/11, 24, , 27, 19, , 5, 2020
2/12, 29, , 23, 19, , 6, 2020
2/13, 53, , 29, 3, , 3, 2020
2/14, 33, , 27, 8, , 4, 2020
2/15, 31, , 25, 8, , 4, 2020
2/16, 39, , 29, 5, , 4, 2020
2/17, 28, , 23, 13, , 5, 2020
2/18, 36, , 28, 17, , 5, 2020
2/19, 35, , 24, 12, , 5, 2020
2/20, 39, , 32, 21, , 7, 2020
2/21, 51, , 30, 18, , 6, 2020
2/22, 49, , 33, 6, , 4, 2020
2/23, 51, , 31, 4, , 4, 2020
2/24, 28, , 23, 14, 1, 5, 2020
2/25, 36, , 25, 21, 1, 7, 2020
2/26, 45, , 36, 20, 1, 7, 2020
2/27, 50, , 28, 25, 1, 8, 2020
2/28, 56, , 29, 19, 1, 7, 2020
2/29, 54, , 34, 1, , 4, 2020
3/1, 34, , 29, 5, , 4, 2020
3/2, 21, , 31, 5, , 4, 2020
3/3, 10, , 21, 15, 1, 6, 2020
3/4, 44, , 29, 13, 1, 6, 2020
3/5, 51, , 29, 5, , 5, 2020
3/6, 38, , 28, 3, 1, 4, 2020
3/7, 12, , 32, 2, , 4, 2020
3/8, 9, , 31, 6, , 5, 2020
3/9, 16, , 30, 14, 1, 5, 2020
3/10, 20, , 27, 11, 1, 5, 2020
3/11, 27, , 28, 9, 1, 5, 2020
3/12, 24, , 25, 9, 1, 5, 2020
3/13, 38, , 31, 4, , 3, 2020
3/14, 50, , 31, 2, , 2, 2020
3/15, 13, , 35, 2, , 1, 2020
3/16, 13, , 32, 8, 1, 2, 2020
3/17, 9, , 30, 7, , 2, 2020
3/18, 11, , 31, 5, , 2, 2020
3/19, 15, , 31, 8, 1, 2, 2020
3/20, 19, , 31, 8, 1, 2, 2020
3/21, 24, , 33, 9, , 2, 2020
3/22, 23, , 30, 8, 1, 2, 2020
3/23, 26, , 35, 3, , 2, 2020
3/24, 29, , 32, 3, , 2, 2020
3/25, 13, , 32, 6, 1, 2, 2020
3/26, 9, , 28, 6, , 2, 2020
3/27, 14, , 38, 3, , 2, 2020
3/28, 29, , 34, 4, , 2, 2020
3/29, 40, , , , , , 2020
10/2, 17, , 19, 11, 1, 3, 2019
10/3, 28, , 24, 6, 1, 2, 2019
10/4, 27, , 23, 11, 1, 2, 2019
10/5, 25, , 22, 13, 1, 3, 2019
10/6, 27, , 31, 16, 1, 3, 2019
10/7, 34, , 31, 21, 1, 4, 2019
10/8, 41, , 24, 13, , 4, 2019
10/9, 44, , 25, 12, 1, 3, 2019
10/10, 43, , 28, 15, 1, 2, 2019
10/11, 25, , 32, 24, 1, 4, 2019
10/12, 35, , 43, 19, 1, 4, 2019
10/13, 45, , 29, 7, , 3, 2019
10/14, 25, 43, 28, 8, 1, 2, 2019
10/15, 40, 32, 25, 11, 1, 3, 2019
10/16, 46, 22, 28, 8, 2, 2, 2019
10/17, 16, 16, 26, 6, , 2, 2019
10/18, 25, 17, 28, 15, 1, 3, 2019
10/19, 40, 20, 26, 9, , 3, 2019
10/20, 40, 22, 24, 10, 1, 3, 2019
10/21, 34, , 20, 19, 1, 5, 2019
10/22, 41, , 24, 23, 1, 7, 2019
10/23, 45, , 21, 22, 1, 6, 2019
10/24, 46, , 24, 23, 1, 4, 2019
10/25, 31, , 31, 27, 1, 7, 2019
10/26, 61, , 21, 12, , 4, 2019
10/27, 62, , 26, 5, , 2, 2019
10/28, 30, , 34, 12, 1, 4, 2019
10/29, 54, , 25, 15, 1, 4, 2019
10/30, 45, , 27, 19, 1, 4, 2019
10/31, 28, , 28, 24, 3, 5, 2019
11/1, 44, , 26, 28, 2, 6, 2019
11/2, 52, , 38, 28, 1, 7, 2019
11/3, 56, , 36, 17, 2, 6, 2019
11/4, 51, , 23, 15, 1, 4, 2019
11/5, 43, , 21, 15, 1, 4, 2019
11/6, 39, , 22, 7, 1, 2, 2019
11/7, 42, , 27, 9, 1, 3, 2019
11/8, 49, , 24, 13, 1, 3, 2019
11/9, 71, , 25, 11, 1, 3, 2019
11/10, 63, , 22, 8, , 3, 2019
11/11, 43, , 17, 22, 1, 5, 2019
11/12, 49, , 26, 18, 1, 5, 2019
11/13, 45, , 28, 10, 1, 3, 2019
11/14, 37, , 22, 11, , 3, 2019
11/15, 35, , 20, 10, , 2, 2019
11/16, 14, , 12, 11, 1, 3, 2019
11/17, 37, , 29, 18, 1, 6, 2019
11/18, 49, , 31, 22, 1, 6, 2019
11/19, 62, , 27, 7, , 3, 2019
11/20, 33, , 23, 14, 1, 3, 2019
11/21, 34, , 22, 12, 1, 4, 2019
11/22, 45, , 21, 21, 1, 5, 2019
11/23, 53, , 25, 20, 1, 4, 2019
11/24, 56, , 21, 16, 1, 4, 2019
11/25, 51, , 27, 12, 1, 2, 2019
11/26, 39, , 32, 8, 1, 1, 2019
11/27, 25, , 28, 9, , 1, 2019
11/28, 26, , 22, 9, 1, 2, 2019
11/29, 28, , 25, 12, 1, 2, 2019
11/30, 22, , 27, 5, 1, 2, 2019
12/1, 16, , 27, 2, , 1, 2019
12/2, 10, , 25, 13, , 3, 2019
12/3, 16, , 13, 16, , 3, 2019
12/4, 23, , 5, 17, , 3, 2019
12/5, 35, , 8, 18, 1, 4, 2019
12/6, 43, , 27, 9, , 2, 2019
12/7, 19, , 32, 5, , 2, 2019
12/8, 17, , 32, 5, , 2, 2019
12/9, 18, , 22, 13, 1, 3, 2019
12/10, 29, , 19, 11, 1, 3, 2019
12/11, 37, , 12, 17, , 3, 2019
12/12, 34, , 15, 8, , 3, 2019
12/13, 13, , 27, 10, , 3, 2019
12/14, 22, , 31, 3, , 2, 2019
12/15, 18, , 28, 5, , 2, 2019
12/16, 18, , 16, 14, 1, 3, 2019
12/17, 23, , 15, 20, 1, 4, 2019
12/18, 42, , 25, 9, , 3, 2019
12/19, 17, , 21, 15, , 4, 2019
12/20, 30, , 12, 20, 1, 5, 2019
12/21, 52, , 23, 15, 1, 5, 2019
12/22, 48, , 32, 6, , 3, 2019
12/23, 20, , 19, 15, 1, 4, 2019
12/24, 24, , 28, 12, , 3, 2019
12/25, 22, , 27, 4, , 3, 2019
12/26, 16, , 19, 14, , 4, 2019
12/27, 27, , 17, 19, , 5, 2019
12/28, 33, , 15, 16, , 5, 2019
12/29, 38, , 23, 7, , 3, 2019
12/30, 26, , , , , , 2019
7/2, 35, , 20, 4, 1, 1, 2019
7/3, 42, , 20, 3, 1, 1, 2019
7/4, 41, , 23, 2, 1, 1, 2019
7/5, 36, , 23, 2, 1, 2, 2019
7/6, 35, , 23, 1, 1, 1, 2019
7/7, 44, , 23, 1, 1, 1, 2019
7/8, 42, , 21, 2, 1, 2, 2019
7/9, 32, , 19, 3, 1, 1, 2019
7/10, 19, , 10, 4, 1, 2, 2019
7/11, 18, , 12, 2, 2, 1, 2019
7/12, 11, , 12, 2, 2, 1, 2019
7/13, 20, , 13, 2, 1, 1, 2019
7/14, 24, , 17, 2, 1, 1, 2019
7/15, 25, , 16, 4, 1, 2, 2019
7/16, 33, , 16, 2, 1, 2, 2019
7/17, 26, , 20, 4, 3, 2, 2019
7/18, 36, , 20, 1, 1, 1, 2019
7/19, 18, , 19, 5, 1, 2, 2019
7/20, 42, , 20, 1, 1, 2, 2019
7/21, 23, , 20, 2, 1, 2, 2019
7/22, 27, , 18, 4, 1, 2, 2019
7/23, 29, , 15, 3, 1, 2, 2019
7/24, 26, , 21, 8, 1, 3, 2019
7/25, 48, , 20, 3, 2, 2, 2019
7/26, 42, , 18, 2, 1, 2, 2019
7/27, 15, , 19, 5, 1, 2, 2019
7/28, 26, , 21, 3, 1, 2, 2019
7/29, 46, , 19, 2, 1, 2, 2019
7/30, 51, , 21, 3, 1, 2, 2019
7/31, 38, , 21, 4, 1, 2, 2019
8/1, 36, , 12, 2, 1, 2, 2019
8/2, 13, , 11, 2, 1, 2, 2019
8/3, 14, , 16, 2, 1, 1, 2019
8/4, 10, , 24, 2, 1, 2, 2019
8/5, 27, , 23, 4, 1, 2, 2019
8/6, 43, , 24, 3, 1, 2, 2019
8/7, 42, , 25, 3, 2, 1, 2019
8/8, 38, , 23, 3, 1, 1, 2019
8/9, 27, , 20, 4, 1, 1, 2019
8/10, 20, , 17, 1, , 1, 2019
8/11, 9, , 18, 3, , 1, 2019
8/12, 17, , 18, 6, 1, 1, 2019
8/13, 31, , 18, 7, 1, 1, 2019
8/14, 34, , 24, 11, 1, 3, 2019
8/15, 47, , 22, 10, 1, 2, 2019
8/16, 55, , 20, 5, 1, 1, 2019
8/17, 57, , 24, 3, , 1, 2019
8/18, 45, , 22, 4, , 1, 2019
8/19, 22, , 21, 2, , 1, 2019
8/20, 17, , 19, 3, , 1, 2019
8/21, 24, , 19, 4, 2, 1, 2019
8/22, 23, , 19, 3, 2, 1, 2019
8/23, 27, , 20, 3, 1, 1, 2019
8/24, 32, , 24, 2, , 2, 2019
8/25, 29, , 27, 3, , 2, 2019
8/26, 21, , 23, 8, 1, 2, 2019
8/27, 18, , 24, 5, , 2, 2019
8/28, 19, , 24, 2, , 2, 2019
8/29, 26, , 20, 1, , 2, 2019
8/30, 41, , 18, 3, 1, 2, 2019
8/31, 29, , 18, 4, 1, 1, 2019
9/1, 29, , 19, 2, 1, 1, 2019
9/2, 19, , 19, 2, , 1, 2019
9/3, 26, , 18, 2, , 1, 2019
9/4, 21, , 20, 3, 1, 1, 2019
9/5, 21, , 22, 2, 1, 1, 2019
9/6, 15, , 20, 3, 1, 1, 2019
9/7, 15, , 20, 1, , 1, 2019
9/8, 15, , 21, 2, 1, 1, 2019
9/9, 24, , 24, 4, , 1, 2019
9/10, 23, , 22, 5, , 1, 2019
9/11, 28, , 23, 10, 1, 2, 2019
9/12, 38, , 25, 16, 1, 3, 2019
9/13, 39, , 38, 17, 2, 4, 2019
9/14, 45, , 20, 4, 1, 2, 2019
9/18, 22, , 20, 4, 1, 1, 2019
9/19, 14, , 21, 8, 2, 2, 2019
9/20, 22, , 22, 12, 4, 2, 2019
9/21, 30, , 26, 10, 1, 3, 2019
9/22, 31, , 17, 3, , 1, 2019
9/23, 26, , 18, 8, 1, 2, 2019
9/24, 26, , 27, 17, 3, 4, 2019
9/25, 47, , 29, 17, 1, 4, 2019
9/26, 46, , 27, 7, 1, 2, 2019
9/27, 48, , 25, 4, 1, 1, 2019
9/28, 18, , 25, 3, 1, 1, 2019
9/29, 38, , 24, 5, 1, 1, 2019
9/30, 26, , 25, 6, , 1, 2019
10/1, 18, , 20, 12, 1, 2, 2019
4/2, 25, , 32, 5, 1, 2, 2019
4/3, 14, , 27, 5, 3, 2, 2019
4/4, 11, , 30, 4, 2, 2, 2019
4/5, 6, , 37, 5, , 2, 2019
4/6, 13, , 35, 3, , 2, 2019
4/7, 19, , 27, 3, , 2, 2019
4/8, 25, , 36, 5, 2, 3, 2019
4/9, 24, , 35, 4, 1, 3, 2019
4/10, 25, , 29, 6, 1, 3, 2019
4/11, 29, , 31, 8, , 3, 2019
4/12, 37, , 29, 7, 1, 3, 2019
4/13, 27, , 36, 6, 1, 3, 2019
4/14, 41, , 38, 2, , 3, 2019
4/15, 28, , 36, 4, , 3, 2019
4/16, 31, , 32, 4, 1, 3, 2019
4/17, 19, , 28, 6, 8, 5, 2019
4/18, 27, , 35, 11, 2, 4, 2019
4/19, 33, , 24, 6, 1, 2, 2019
4/20, 18, , 38, 1, 1, 2, 2019
4/21, 28, , 31, 5, , 2, 2019
4/22, 48, , 27, 9, 1, 3, 2019
4/23, 54, , 30, 17, 1, 4, 2019
4/24, 56, , 28, 11, 1, 2, 2019
4/25, 61, , 34, 3, , 1, 2019
4/26, 56, , 36, 5, , 2, 2019
4/27, 54, , 38, 1, , 2, 2019
4/28, 56, , 37, 1, , 2, 2019
4/29, 55, , 35, 3, 1, 2, 2019
4/30, 48, , 36, 3, , 2, 2019
5/1, 49, , 35, 6, 1, 2, 2019
5/2, 51, , 36, 7, 1, 2, 2019
5/3, 46, , 35, 4, 1, 2, 2019
5/4, 46, , 36, 2, , 1, 2019
5/5, 37, , 35, 1, , 1, 2019
5/6, 17, , 28, 3, , 2, 2019
5/7, 12, , 28, 3, 2, 2, 2019
5/8, 12, , 28, 3, 1, 2, 2019
5/9, 19, , 27, 2, , 2, 2019
5/10, 21, , 30, 3, , 2, 2019
5/11, 21, , 31, 1, , 2, 2019
5/12, 24, , 29, 1, , 2, 2019
5/13, 27, , 26, 2, , 2, 2019
5/14, 20, , 27, 3, , 2, 2019
5/15, 19, 17, 34, 4, , 2, 2019
5/16, 19, 10, 35, 3, 1, 2, 2019
5/17, 31, 12, 31, 3, 1, 2, 2019
5/18, 28, 9, 29, 4, , 2, 2019
5/19, 16, 6, 40, 2, , 2, 2019
5/20, 17, 11, 35, 4, 1, 2, 2019
5/21, 18, 7, 32, 3, , 2, 2019
5/22, 26, , 25, 4, 1, 2, 2019
5/23, 33, , 23, 3, , 2, 2019
5/24, 49, , 27, 3, 1, 2, 2019
5/25, 18, , 31, 1, , 2, 2019
5/26, 38, , 36, 1, , 2, 2019
5/27, 26, , 25, 2, , 2, 2019
5/28, 28, , 28, 3, , 2, 2019
5/29, 34, , 23, 3, 1, 2, 2019
5/30, 48, , 25, 2, 1, 1, 2019
5/31, 19, , 24, 4, 1, 2, 2019
6/1, 28, , 24, 2, 1, 2, 2019
6/2, 30, , 22, 1, , 2, 2019
6/3, 12, , 24, 3, 1, 2, 2019
6/4, 33, , 25, 7, 1, 2, 2019
6/5, 56, , 24, 4, 1, 2, 2019
6/6, 50, , 24, 2, , 2, 2019
6/7, 35, , 23, 6, 1, 2, 2019
6/8, 37, , 28, 7, 1, 2, 2019
6/9, 30, , 39, 14, 1, 4, 2019
6/10, 47, , 64, 16, 1, 4, 2019
6/11, 48, , 56, 16, 1, 4, 2019
6/12, 54, , 27, 6, 1, 2, 2019
6/13, 45, , 23, 2, , 1, 2019
6/14, 18, , 22, 1, 1, 1, 2019
6/15, 25, , 20, 1, , 1, 2019
6/16, 21, , 19, 1, , 1, 2019
6/17, 25, , 17, 3, 1, 1, 2019
6/18, 40, , 21, 3, 1, 2, 2019
6/19, 27, , 19, 3, 1, 2, 2019
6/20, 21, , 23, 2, 1, 1, 2019
6/21, 39, , 22, 5, 1, 2, 2019
6/22, 46, , 21, 4, 1, 2, 2019
6/23, 60, , 22, 3, 1, 2, 2019
6/24, 50, , 24, 3, 1, 2, 2019
6/25, 39, , 23, 2, 1, 1, 2019
6/26, 38, , 24, 2, 1, 1, 2019
6/27, 22, , 20, 2, 2, 1, 2019
6/28, 22, , 19, 3, 2, 1, 2019
6/29, 25, , 19, 3, 1, 1, 2019
6/30, 30, , 22, 1, , 1, 2019
7/1, 28, , 21, 3, 1, 1, 2019
1/2, 17, , 14, 24, 1, 4, 2019
1/3, 45, , 15, 24, 1, 4, 2019
1/4, 69, , 13, 26, 1, 5, 2019
1/5, 80, , 31, 6, 1, 2, 2019
1/6, 27, , 29, 4, 1, 2, 2019
1/7, 18, , 25, 18, 1, 3, 2019
1/8, 26, , 25, 15, 1, 3, 2019
1/9, 29, , 28, 7, , 2, 2019
1/10, 25, , 12, 21, 1, 5, 2019
1/11, 46, , 7, 20, 1, 4, 2019
1/12, 41, , 24, 13, 1, 3, 2019
1/13, 30, , 18, 15, 1, 3, 2019
1/14, 40, , 22, 14, 1, 3, 2019
1/15, 29, , 32, 9, , 2, 2019
1/16, 12, , 30, 5, 1, 2, 2019
1/17, 13, , 33, 3, , 2, 2019
1/18, 49, , 23, 16, 1, 4, 2019
1/19, 52, , 20, 14, 1, 4, 2019
1/20, 47, , 34, 3, , 2, 2019
1/21, 21, , 29, 7, , 2, 2019
1/22, 21, , 23, 15, 1, 4, 2019
1/23, 22, , 17, 22, 2, 6, 2019
1/24, 43, , 17, 21, 2, 6, 2019
1/25, 42, , 19, 20, 2, 5, 2019
1/26, 55, , 22, 22, 1, 6, 2019
1/27, 51, , 24, 17, 1, 5, 2019
1/28, 72, , 12, 16, 1, 4, 2019
1/29, 46, , 16, 7, 1, 2, 2019
1/30, 30, , 23, 11, 2, 3, 2019
1/31, 42, , 29, 11, , 3, 2019
2/1, 43, , 31, 8, , 2, 2019
2/2, 20, , 35, 2, , 2, 2019
2/3, 19, , 33, 2, , 2, 2019
2/4, 15, , 33, 4, , 2, 2019
2/5, 17, , 26, 8, 1, 2, 2019
2/6, 18, , 22, 14, 1, 3, 2019
2/7, 26, , 25, 15, 1, 3, 2019
2/8, 26, , 23, 11, 1, 3, 2019
2/9, 29, , 34, 7, 1, 2, 2019
2/10, 25, , 33, 6, , 2, 2019
2/11, 14, , 26, 16, 1, 3, 2019
2/12, 26, , 23, 19, 1, 4, 2019
2/13, 29, , 32, 7, , 2, 2019
2/14, 13, , 35, 3, , 2, 2019
2/15, 17, , 33, 5, 1, 3, 2019
2/16, 22, , 32, 5, , 3, 2019
2/17, 24, , 32, 4, 1, 3, 2019
2/18, 15, , 28, 11, 1, 3, 2019
2/19, 18, , 27, 14, 1, 4, 2019
2/20, 24, , 29, 5, , 3, 2019
2/21, 16, , 30, 7, , 3, 2019
2/22, 17, , 31, 8, 1, 3, 2019
2/23, 14, , 28, 12, 1, 4, 2019
2/24, 25, , 31, 9, 2, 3, 2019
2/25, 24, , 31, 5, 1, 3, 2019
2/26, 23, , 29, 3, , 3, 2019
2/27, 16, , 31, 5, 1, 3, 2019
2/28, 16, , 30, 7, , 3, 2019
3/1, 21, , 18, 20, 1, 4, 2019
3/2, 29, , 15, 14, , 3, 2019
3/3, 26, , 28, 5, 1, 3, 2019
3/4, 21, , 26, 7, , 3, 2019
3/5, 23, , 30, 13, 1, 3, 2019
3/6, 30, , 32, 3, , 2, 2019
3/7, 17, , 32, 5, 1, 2, 2019
3/8, 18, , 34, 5, , 2, 2019
3/9, 14, , 34, 4, , 2, 2019
3/10, 18, , 32, 6, , 2, 2019
3/11, 14, , 26, 12, 1, 3, 2019
3/12, 28, , 32, 6, 1, 3, 2019
3/13, 33, , 30, 8, 1, 3, 2019
3/14, 24, , 30, 13, 1, 3, 2019
3/15, 23, , 34, 11, 1, 4, 2019
3/16, 25, , 33, 9, 1, 4, 2019
3/17, 33, , 38, 12, 4, 4, 2019
3/18, 40, , 36, 17, 1, 6, 2019
3/19, 49, , 43, 9, 1, 3, 2019
3/20, 37, , 40, 5, 1, 2, 2019
3/21, 23, , 37, 6, 1, 2, 2019
3/22, 27, , 31, 8, , 3, 2019
3/23, 23, , 42, 4, 1, 2, 2019
3/24, 26, , 41, 8, 1, 2, 2019
3/25, 25, , 33, 8, 1, 2, 2019
3/26, 21, , 36, 10, 1, 2, 2019
3/27, 17, , 39, 3, 1, 2, 2019
3/28, 15, , 36, 4, 1, 2, 2019
3/29, 23, , 35, 8, 1, 2, 2019
3/30, 23, , 30, 9, 1, 3, 2019
3/31, 22, , 28, 7, 1, 3, 2019
4/1, 32, , 28, 11, 1, 3, 2019
10/2, 35, , 20, 13, 1, 2, 2018
10/3, 30, , 23, 8, , 2, 2018
10/4, 9, , 27, 4, 1, 2, 2018
10/5, 20, , 23, 9, 1, 2, 2018
10/6, 27, , 24, 7, 1, 2, 2018
10/7, 26, , 28, 8, 1, 2, 2018
10/8, 33, , 22, 10, 1, 2, 2018
10/9, 32, , 26, 4, 1, 2, 2018
10/10, 31, , 25, 6, 2, 2, 2018
10/11, 35, , 26, 8, 1, 3, 2018
10/12, 33, , 23, 12, 1, 3, 2018
10/13, 30, , 27, 7, 1, 3, 2018
10/14, 39, , 27, 5, 1, 3, 2018
10/15, 44, , 32, 14, 1, 3, 2018
10/16, 30, , 28, 18, 1, 4, 2018
10/17, 38, , 30, 9, 1, 4, 2018
10/18, 62, , 26, 10, 1, 4, 2018
10/19, 51, , 29, 15, 2, 5, 2018
10/20, 56, , 30, 6, 1, 4, 2018
10/21, 52, , 32, 3, 1, 3, 2018
10/22, 44, , 32, 4, 1, 2, 2018
10/23, 49, , 29, 7, 1, 1, 2018
10/26, 27, , 18, 10, 1, 2, 2018
10/27, 29, , 12, 4, 1, 2, 2018
10/28, 11, , 27, 4, 1, 2, 2018
10/29, 22, , 25, 10, , 2, 2018
10/30, 30, , 21, 16, 1, 3, 2018
10/31, 36, , 17, 22, 1, 6, 2018
11/1, 48, , 19, 21, 2, 5, 2018
11/2, 44, , 15, 17, 1, 5, 2018
11/3, 45, , 17, 18, 1, 5, 2018
11/4, 45, , 27, 6, 1, 2, 2018
11/5, 47, , 21, 14, 1, 4, 2018
11/6, 40, , 18, 22, 1, 5, 2018
11/7, 43, , 22, 25, 2, 6, 2018
11/8, 50, , 28, 26, 1, 6, 2018
11/9, 69, , 28, 26, 1, 9, 2018
11/10, 130, , 24, 28, 1, 11, 2018
11/11, 168, , 39, 20, 1, 9, 2018
11/12, 164, , 38, 33, 1, 10, 2018
11/13, 165, , 27, 38, 1, 11, 2018
11/14, 162, , 28, 37, 2, 11, 2018
11/15, 171, , 31, 35, 3, 13, 2018
11/16, 204, , 22, 39, 2, 16, 2018
11/17, 227, , 34, 16, 1, 8, 2018
11/18, 152, , 25, 20, 1, 7, 2018
11/19, 140, , 20, 39, 3, 12, 2018
11/20, 171, , 22, 34, 1, 9, 2018
11/21, 147, , 28, 14, 1, 4, 2018
11/22, 57, , 30, 2, , 2, 2018
11/23, 12, , 28, 5, , 3, 2018
11/24, 14, , 26, 7, 1, 3, 2018
11/25, 24, , 10, 15, 1, 5, 2018
11/26, 39, , 9, 17, 1, 5, 2018
11/27, 42, , 16, 13, , 4, 2018
11/28, 41, , 24, 10, 1, 3, 2018
11/29, 25, , 32, 2, 1, 2, 2018
11/30, 26, , 25, 6, , 2, 2018
12/1, 29, , 31, 4, , 2, 2018
12/2, 19, , 23, 10, 1, 3, 2018
12/3, 16, , 17, 12, 1, 2, 2018
12/4, 24, , 13, 17, , 3, 2018
12/5, 41, , 23, 11, , 3, 2018
12/6, 31, , 19, 16, , 4, 2018
12/7, 29, , 12, 22, 1, 6, 2018
12/8, 47, , 19, 17, 1, 5, 2018
12/9, 64, , 11, 16, 1, 5, 2018
12/10, 89, , 12, 15, 1, 4, 2018
12/11, 71, , 9, 20, 2, 6, 2018
12/12, 46, , 17, 18, 1, 5, 2018
12/13, 44, , 17, 21, 1, 5, 2018
12/14, 50, , 28, 15, 1, 4, 2018
12/15, 59, , 19, 17, , 4, 2018
12/16, 42, , 31, 7, , 3, 2018
12/17, 20, , 23, 12, , 3, 2018
12/18, 33, , 18, 17, 1, 5, 2018
12/19, 36, , 13, 19, , 5, 2018
12/20, 32, , 7, 17, 1, 5, 2018
12/21, 64, , 8, 18, , 6, 2018
12/22, 45, , 14, 14, 1, 4, 2018
12/23, 25, , 11, 15, 1, 5, 2018
12/24, 36, , 32, 9, 1, 4, 2018
12/25, 40, , 27, 5, , 3, 2018
12/26, 20, , 23, 10, 1, 4, 2018
12/27, 19, , 26, 8, 1, 3, 2018
12/28, 15, , 25, 14, 1, 5, 2018
12/29, 21, , 22, 18, 1, 6, 2018
12/30, 32, , 26, 11, 1, 5, 2018
12/31, 40, , , , , , 2018
7/2, 22, , 25, 3, , 1, 2018
7/3, 20, , 23, 4, , 1, 2018
7/4, 56, , 25, 1, , 1, 2018
7/5, 43, , 21, 5, , 1, 2018
7/6, 35, , 14, 8, , 2, 2018
7/7, 29, , 18, 3, , 1, 2018
7/8, 29, , 19, 2, , 1, 2018
7/9, 42, , 20, 4, , 1, 2018
7/10, 37, , 16, 3, , 1, 2018
7/11, 35, , 18, 3, 1, 1, 2018
7/12, 25, , 20, 4, , 1, 2018
7/13, 26, , 17, 4, , 1, 2018
7/14, 26, , 19, 2, , 1, 2018
7/15, 17, , 21, 2, , 1, 2018
7/16, 30, , 23, 3, 2, 1, 2018
7/17, 26, , 18, 4, 3, 1, 2018
7/18, 22, , 18, 2, 4, , 2018
7/19, 30, , 17, 3, 1, , 2018
7/20, 27, , , , , , 2018
7/22, 20, , 20, 1, , , 2018
7/23, 25, , 23, 3, , , 2018
7/24, 39, , 21, 3, 1, , 2018
7/25, 38, , 18, 3, 3, , 2018
7/26, 31, , 18, 2, 1, , 2018
7/27, 36, , 15, 2, 1, , 2018
7/28, 30, , 14, 1, , , 2018
7/29, 27, , 16, 1, , , 2018
7/30, 16, , 17, 2, 1, , 2018
7/31, 29, , 20, 2, , , 2018
8/1, 26, , 17, 3, 1, , 2018
8/2, 28, , 15, 2, , 1, 2018
8/3, 31, , 12, 3, 1, 1, 2018
8/4, 48, , 14, 4, 1, 1, 2018
8/5, 41, , 16, 1, , , 2018
8/6, 30, , 16, 5, 1, 1, 2018
8/7, 30, , 21, 4, , 1, 2018
8/8, 22, , 18, 3, 1, 2, 2018
8/9, 20, , 19, 6, 1, 2, 2018
8/10, 20, , 14, 4, 1, 2, 2018
8/11, 23, , 14, 1, 1, 1, 2018
8/12, 22, , 18, 1, , 1, 2018
8/13, 39, , 21, 2, , 2, 2018
8/14, 27, , 21, 6, , 2, 2018
8/15, 27, , 30, 4, , 3, 2018
8/16, 54, , 31, 5, , 3, 2018
8/17, 62, , 29, 4, 1, 3, 2018
8/18, 56, , 25, 5, 1, 3, 2018
8/19, 31, , 27, 1, , 3, 2018
8/20, 62, , 26, 2, , 3, 2018
8/21, 71, , 28, 4, , 4, 2018
8/22, 52, , 35, 3, 1, 5, 2018
8/23, 84, , 39, 5, , 6, 2018
8/24, 121, , 33, 3, , 4, 2018
8/25, 66, , 21, 3, , 3, 2018
8/26, 59, , 25, 1, , 2, 2018
8/27, 51, , 21, 3, 1, 2, 2018
8/28, 56, , 17, 3, , 2, 2018
8/29, 32, , 29, 5, , 3, 2018
8/30, 32, , 29, 4, , 2, 2018
8/31, 40, , 19, 2, , 2, 2018
9/1, 31, , 21, 2, , 1, 2018
9/2, 41, , 24, 2, , 2, 2018
9/3, 56, , 26, 2, , 2, 2018
9/4, 60, , 27, 4, , 2, 2018
9/5, 59, , 24, 4, , 3, 2018
9/6, 41, , 25, 5, , 2, 2018
9/7, 43, , 22, 4, 1, 2, 2018
9/8, 44, , 20, 2, , 2, 2018
9/9, 37, , 22, 3, 1, 2, 2018
9/10, 37, , 22, 5, 2, 2, 2018
9/11, 43, , 25, 4, 1, 2, 2018
9/12, 51, , 25, 5, 1, 1, 2018
9/13, 36, , 23, 4, , 1, 2018
9/14, 29, , 20, 4, , 1, 2018
9/15, 23, , 22, 3, , 1, 2018
9/16, 23, , 24, 4, , 1, 2018
9/17, 18, , 26, 3, , 1, 2018
9/18, 23, , 25, 3, , 1, 2018
9/19, 38, , 22, 8, 1, 2, 2018
9/20, 49, , 30, 19, 2, 4, 2018
9/21, 62, , 27, 13, 1, 3, 2018
9/22, 60, , 26, 4, 2, 2, 2018
9/23, 38, , 21, 2, 1, 1, 2018
9/24, 42, , 24, 11, 3, 3, 2018
9/25, 53, , 28, 8, 4, 2, 2018
9/26, 52, , 26, 10, 1, 2, 2018
9/27, 48, , 26, 7, 2, 2, 2018
9/28, 28, , 30, 6, , 2, 2018
9/29, 45, , 26, 3, , 1, 2018
9/30, 28, , 24, 5, , 1, 2018
10/1, 18, , 21, 14, 1, 2, 2018
4/2, 52, , 33, 6, , 3, 2018
4/3, 45, , 29, 6, , 3, 2018
4/4, 50, , 36, 6, , 3, 2018
4/5, 32, , 31, 7, , 3, 2018
4/6, 29, , 15, 7, , 3, 2018
4/7, 19, , 32, 3, , 3, 2018
4/8, 45, , 34, 7, , 3, 2018
4/9, 41, , 27, 15, , 4, 2018
4/10, 47, , 36, 6, , 2, 2018
4/11, 33, , 38, 5, , 2, 2018
4/12, 23, , 38, 6, , 2, 2018
4/13, 31, , 30, 8, , 2, 2018
4/14, 33, , 36, 10, , 3, 2018
4/15, 49, , 35, 3, , 2, 2018
4/16, 32, , 35, 8, , 3, 2018
4/17, 25, , 26, 11, , 2, 2018
4/18, 23, , 31, 9, , 3, 2018
4/19, 23, , 28, 11, , 3, 2018
4/20, 31, , 35, 9, , 3, 2018
4/21, 49, , 30, 6, , 3, 2018
4/24, 56, , 31, 5, , 3, 2018
4/25, 35, , 32, 5, , 3, 2018
4/26, 29, , 34, 5, , 3, 2018
4/27, 29, , 33, 4, , 3, 2018
4/28, 21, , 39, 3, , 3, 2018
4/29, 13, , 34, 2, , 3, 2018
4/30, 15, , 32, 7, , 3, 2018
5/1, 25, , 32, 5, , 2, 2018
5/2, 35, , 31, 5, , 1, 2018
5/3, 36, , 32, 5, , 1, 2018
5/4, 21, , 29, 5, , 1, 2018
5/5, 20, , 32, 3, , 1, 2018
5/6, 21, , 31, 2, , 1, 2018
5/7, 11, , 24, 8, , 1, 2018
5/8, 14, , 23, 5, , 1, 2018
5/9, 14, , 32, 4, , 2, 2018
5/10, 23, , 27, 8, , 2, 2018
5/11, 35, , 27, 10, , 2, 2018
5/12, 35, , 32, 6, , 1, 2018
5/13, 33, , 31, 2, , 1, 2018
5/14, 22, 21, 28, 4, , 2, 2018
5/15, 9, 19, 28, 4, , 1, 2018
5/16, 19, 7, 24, 4, , 2, 2018
5/17, 17, 15, 25, 4, 1, 2, 2018
5/18, 15, 18, 25, 3, 1, 2, 2018
5/19, 13, 23, 34, 1, , 2, 2018
5/20, 27, 12, 33, 2, , 2, 2018
5/21, 27, , 28, 5, 1, 2, 2018
5/22, 27, , 25, 4, , 2, 2018
5/23, 25, , 27, 6, , 2, 2018
5/24, 15, , 27, 5, , 2, 2018
5/25, 26, , , , , , 2018
5/28, 33, 15, 27, 5, 1, 2, 2018
5/29, 45, 22, 27, 5, , 2, 2018
5/30, 55, 34, 28, 3, 1, 2, 2018
5/31, 41, 23, 26, 4, , 1, 2018
6/1, 26, 21, 23, 8, 1, 1, 2018
6/2, 26, 21, 22, 11, 1, 2, 2018
6/3, 39, 23, 27, 4, , 1, 2018
6/4, 36, , 28, 4, 1, 1, 2018
6/5, 42, , 26, 4, 1, 1, 2018
6/6, 35, , 28, 4, 1, 2, 2018
6/7, 26, , 31, 4, 1, 2, 2018
6/8, 21, , 24, 4, 3, 2, 2018
6/9, 18, , 27, 2, , 2, 2018
6/10, 17, , 24, 4, 1, 2, 2018
6/11, 24, , 18, 6, 1, 2, 2018
6/12, 26, , 26, 7, 1, 3, 2018
6/13, 37, , 22, 4, 1, 2, 2018
6/14, 34, , 20, 2, 1, 1, 2018
6/15, 36, , 24, 2, 1, 2, 2018
6/16, 39, , 26, 3, 1, 2, 2018
6/17, 28, , 25, 1, , 1, 2018
6/18, 25, , 29, 3, , 2, 2018
6/19, 22, , 25, 3, , 1, 2018
6/20, 14, , 22, 3, 1, 1, 2018
6/21, 19, , 19, 3, , 1, 2018
6/22, 20, , 19, 4, 1, 2, 2018
6/23, 37, , 19, 7, 1, 2, 2018
6/24, 53, , 28, 3, , 2, 2018
6/25, 40, , 25, 3, , 1, 2018
6/26, 27, , 24, 2, , 1, 2018
6/27, 48, , 24, 2, 1, 2, 2018
6/28, 49, , 24, 3, 1, 2, 2018
6/29, 55, , 23, 5, 1, 2, 2018
6/30, 52, , 25, 6, , 2, 2018
7/1, 48, , 23, 2, , 1, 2018
1/2, 71, , 7, 31, , 7, 2018
1/3, 80, , 1, 33, , 8, 2018
1/4, 110, , 15, 20, , 5, 2018
1/5, 59, , 24, 14, , 4, 2018
1/6, 27, , 20, 12, , 4, 2018
1/7, 29, , 4, 17, , 5, 2018
1/8, 47, , 3, 19, , 6, 2018
1/9, 38, , 24, 10, , 3, 2018
1/10, 31, , 22, 13, , 3, 2018
1/11, 32, , 12, 18, , 4, 2018
1/12, 53, , 11, 17, , 4, 2018
1/13, 48, , 13, 16, , 4, 2018
1/14, 51, , 9, 15, , 3, 2018
1/15, 72, , 14, 16, , 4, 2018
1/16, 79, , 7, 21, , 5, 2018
1/17, 69, , 9, 16, , 4, 2018
1/18, 72, , 25, 15, , 4, 2018
1/19, 67, , 24, 13, , 3, 2018
1/20, 32, , 21, 13, , 3, 2018
1/21, 37, , 27, 14, , 4, 2018
1/22, 44, , 25, 11, , 3, 2018
1/23, 30, , 16, 18, , 4, 2018
1/24, 40, , 26, 15, , 4, 2018
1/25, 39, , 26, 15, , 4, 2018
1/26, 31, , 21, 18, , 4, 2018
1/27, 40, , 20, 14, , 4, 2018
1/28, 29, , 17, 13, , 3, 2018
1/29, 32, , 10, 22, , 5, 2018
1/30, 58, , 11, 19, , 5, 2018
1/31, 49, , 10, 21, , 6, 2018
2/1, 59, , 12, 26, , 8, 2018
2/2, 50, , 11, 29, , 8, 2018
2/3, 50, , 21, 24, , 7, 2018
2/4, 48, , 17, 21, , 7, 2018
2/5, 41, , 11, 24, , 7, 2018
2/6, 58, , 27, 23, , 5, 2018
2/7, 42, , 24, 27, , 6, 2018
2/8, 52, , 21, 28, , 7, 2018
2/9, 82, , 16, 25, , 6, 2018
2/10, 55, , 29, 11, , 4, 2018
2/11, 37, , 27, 11, , 4, 2018
2/12, 35, , 23, 9, , 3, 2018
2/13, 25, , 23, 14, , 4, 2018
2/14, 28, , 26, 19, , 5, 2018
2/15, 43, , 25, 15, , 4, 2018
2/16, 34, , 19, 21, , 6, 2018
2/17, 53, , 21, 16, , 6, 2018
2/18, 46, , 31, 2, , 4, 2018
2/19, 27, , 28, 4, , 4, 2018
2/21, 29, , 26, 12, , 4, 2018
2/22, 35, , 28, 6, , 2, 2018
2/23, 29, , 24, 10, , 2, 2018
2/24, 31, , 27, 13, , 3, 2018
2/25, 34, , 27, 7, , 2, 2018
2/26, 29, , 27, 6, , 2, 2018
2/27, 24, , 26, 9, , 2, 2018
2/28, 22, , 23, 11, , 2, 2018
3/1, 33, 1, 30, 4, 40, 2, 2018
3/2, 22, , 26, 10, , 2, 2018
3/3, 23, , 28, 8, , 2, 2018
3/4, 27, , 26, 10, , 2, 2018
3/5, 21, , 23, 14, , 2, 2018
3/6, 27, , 22, 22, , 4, 2018
3/7, 32, , 32, 20, , 3, 2018
3/8, 38, , 20, 12, , 3, 2018
3/9, 25, , 19, 11, , 2, 2018
3/10, 16, , 15, 13, , 3, 2018
3/11, 27, , 22, 10, , 3, 2018
3/12, 42, , 17, 13, , 3, 2018
3/13, 31, , 28, 5, , 2, 2018
3/14, 12, , 29, 10, , 3, 2018
3/15, 20, , 28, 16, , 3, 2018
3/16, 23, , 26, 9, , 2, 2018
3/17, 23, , 26, 12, , 2, 2018
3/18, 24, , 20, 14, , 3, 2018
3/19, 36, , 18, 17, , 3, 2018
3/20, 35, , 21, 17, , 3, 2018
3/21, 31, , 21, 8, , 2, 2018
3/22, 17, , 29, 4, , 2, 2018
3/23, 22, , 27, 10, , 2, 2018
3/24, 31, , 29, 5, , 2, 2018
3/25, 33, , 26, 9, , 3, 2018
3/26, 32, , 22, 11, , 3, 2018
3/27, 30, , 21, 14, , 3, 2018
3/28, 40, , 27, 14, , 4, 2018
3/29, 49, , 30, 17, , 4, 2018
3/30, 51, , 30, 21, , 5, 2018
3/31, 49, , 24, 6, , 3, 2018
4/1, 40, , 32, 4, , 3, 2018
10/2, 48, , 22, 12, , 3, 2017
10/3, 41, , 19, 11, , 3, 2017
10/4, 42, , 19, 13, , 4, 2017
10/5, 34, , 20, 18, , 4, 2017
10/6, 32, , 20, 23, , 5, 2017
10/7, 45, , 20, 10, , 4, 2017
10/8, 54, , 23, 8, , 3, 2017
10/9, 53, , 30, 15, , 6, 2017
10/10, 92, , 24, 22, , 8, 2017
10/11, 102, , 18, 13, , 5, 2017
10/12, 75, , 23, 21, , 8, 2017
10/13, 127, , 24, 19, , 7, 2017
10/14, 92, , 26, 16, , 6, 2017
10/15, 76, , 27, 21, , 6, 2017
10/16, 37, , 27, 34, , 8, 2017
10/17, 73, , 19, 31, , 9, 2017
10/18, 87, , 19, 9, , 4, 2017
10/19, 40, , 24, 3, , 3, 2017
10/20, 12, , 21, 7, , 4, 2017
10/21, 21, , 19, 10, , 5, 2017
10/22, 22, , 16, 14, , 6, 2017
10/23, 30, , 15, 29, , 9, 2017
10/24, 33, , 21, 33, , 8, 2017
10/25, 37, , 38, 30, , 8, 2017
10/26, 45, , 34, 28, , 8, 2017
10/27, 51, , 25, 23, , 7, 2017
10/28, 27, , 22, 6, , 4, 2017
11/1, 43, , 27, 15, , 4, 2017
11/2, 43, , 26, 16, , 3, 2017
11/3, 45, , 28, 11, , 2, 2017
11/4, 36, , 30, 5, , 2, 2017
11/5, 28, , 30, 5, , 2, 2017
11/6, 18, , 27, 16, , 3, 2017
11/7, 24, , 24, 24, , 4, 2017
11/8, 38, , 23, 18, , 4, 2017
11/9, 38, , 29, 8, , 3, 2017
11/10, 21, , 25, 12, , 3, 2017
11/11, 25, , 24, 9, , 2, 2017
11/12, 31, , 25, 12, , 3, 2017
11/13, 26, , 23, 12, , 3, 2017
11/14, 23, , 21, 16, , 3, 2017
11/15, 31, , 25, 13, , 3, 2017
11/16, 28, , 32, 8, , 3, 2017
11/17, 23, , 26, 13, , 3, 2017
11/18, 26, , 19, 21, , 5, 2017
11/19, 43, , 20, 17, , 5, 2017
11/20, 57, , 7, 27, , 6, 2017
11/21, 73, , 13, 18, , 5, 2017
11/22, 62, , 11, 20, , 6, 2017
11/23, 67, , 6, 16, , 5, 2017
11/24, 55, , 14, 13, , 4, 2017
11/25, 23, , 15, 17, , 5, 2017
11/26, 39, , 7, 4, , 12, 2017
11/27, 23, , 31, 12, , 6, 2017
11/28, 29, , 12, 19, , 4, 2017
11/29, 40, , 13, 22, , 5, 2017
11/30, 41, , 12, 19, , 4, 2017
12/1, 45, , 10, 21, , 6, 2017
12/2, 55, , 23, 15, , 4, 2017
12/3, 63, , 27, 6, , 2, 2017
12/4, 29, , 25, 8, , 2, 2017
12/5, 25, , 20, 21, , 3, 2017
12/6, 31, , 18, 25, , 4, 2017
12/7, 51, , 15, 33, , 6, 2017
12/8, 59, , 16, 32, , 6, 2017
12/9, 73, , 14, 28, , 5, 2017
12/10, 78, , 17, 24, , 4, 2017
12/11, 57, , 7, 33, , 6, 2017
12/12, 59, , 8, 32, , 7, 2017
12/13, 63, , 10, 28, , 6, 2017
12/14, 76, , 11, 29, , 6, 2017
12/15, 79, , 13, 26, , 5, 2017
12/16, 116, , 29, 8, , 2, 2017
12/17, 33, , 26, 14, , 3, 2017
12/18, 28, , 16, 29, , 6, 2017
12/19, 72, , 25, 21, , 5, 2017
12/20, 58, , 25, 7, , 2, 2017
12/21, 22, , 21, 14, , 3, 2017
12/22, 28, , 14, 24, , 5, 2017
12/23, 77, , 16, 18, , 4, 2017
12/24, 81, , 11, 21, , 5, 2017
12/25, 66, , 15, 18, , 4, 2017
12/26, 65, , 17, 20, , 5, 2017
12/27, 54, , 5, 26, , 6, 2017
12/28, 62, , 6, 25, , 6, 2017
12/29, 59, , 10, 22, , 5, 2017
12/30, 72, , 11, 25, , 6, 2017
12/31, 69, , 24, 22, , 7, 2017
1/1, 69, , 11, 23, , 6, 2018
7/2, 38, , 18, 1, , 3, 2017
7/3, 19, , 20, 2, , 3, 2017
7/4, 17, , 22, 1, , 3, 2017
7/5, 19, , 18, 3, , 4, 2017
7/6, 16, , 17, 5, , 4, 2017
7/7, 24, , 16, 9, , 4, 2017
7/8, 33, , 17, 7, , 4, 2017
7/9, 50, , 17, 2, , 3, 2017
7/10, 29, , 17, 3, , 3, 2017
7/11, 36, , 20, 2, , 4, 2017
7/12, 50, , 18, 3, , 4, 2017
7/13, 44, , 15, 4, , 4, 2017
7/14, 27, , 16, 3, , 4, 2017
7/15, 30, , 17, 6, , 4, 2017
7/16, 44, , 16, 7, , 4, 2017
7/17, 54, , 16, 4, , 4, 2017
7/18, 53, , 14, 3, , 4, 2017
7/19, 39, , 14, 3, , 4, 2017
7/20, 38, , 13, 3, , 4, 2017
7/21, 33, , 13, 2, , 4, 2017
7/22, 35, , 17, 5, , 4, 2017
7/23, 45, , 11, 2, , 4, 2017
7/24, 20, , 16, 3, , 4, 2017
7/25, 21, , 17, 4, , 5, 2017
7/26, 22, , 19, 4, , 4, 2017
7/27, 15, , 12, 5, , 5, 2017
7/28, 17, , 15, 3, , 4, 2017
7/29, 36, , 15, 1, , 4, 2017
7/30, 36, , 18, 2, , 4, 2017
7/31, 15, , 17, 3, , 4, 2017
8/1, 16, , 15, 6, , 5, 2017
8/2, 13, , 17, 7, , 5, 2017
8/3, 15, , 15, 13, , 6, 2017
8/4, 29, , 15, 9, , 5, 2017
8/5, 18, , 18, 2, , 5, 2017
8/6, 9, , 22, 1, , 5, 2017
8/7, 40, , 23, 2, , 5, 2017
8/8, 39, , 18, 3, , 5, 2017
8/9, 16, , 17, 3, , 5, 2017
8/10, 24, , 17, 2, , 4, 2017
8/11, 35, , 20, 3, , 5, 2017
8/12, 32, , 20, 1, , 5, 2017
8/13, 37, , 14, 1, , 4, 2017
8/14, 19, , 18, 3, , 4, 2017
8/15, 44, , 17, 3, , 4, 2017
8/16, 39, , 18, 3, , 4, 2017
8/17, 40, , 18, 4, , 5, 2017
8/18, 38, , 20, 3, , 5, 2017
8/19, 37, , 19, 1, , 5, 2017
8/20, 30, , 23, 1, , 5, 2017
8/21, 45, , 22, 3, , 5, 2017
8/22, 34, , 27, 3, , 5, 2017
8/23, 52, , 25, 3, , 5, 2017
8/24, 48, , 20, 2, , 4, 2017
8/25, 28, , 19, 4, , 5, 2017
8/26, 49, , 25, 8, , 5, 2017
8/27, 43, , 21, 5, , 5, 2017
8/28, 49, , 24, 5, , 6, 2017
8/29, 48, , 22, 3, , 5, 2017
8/30, 40, , 15, 3, , 4, 2017
8/31, 29, , 20, 15, , 7, 2017
9/1, 61, , 74, 30, , 12, 2017
9/2, 124, , 57, 26, , 11, 2017
9/3, 107, , 33, 11, , 7, 2017
9/4, 112, , 26, 6, , 7, 2017
9/5, 122, , 24, , , , 2017
9/6, 51, , , , , , 2017
9/10, 40, , 33, 9, , 6, 2017
9/11, 50, , 24, 11, , 5, 2017
9/12, 51, , 25, 10, , 6, 2017
9/13, 45, , 21, 3, , 3, 2017
9/14, 16, , 20, 3, , 2, 2017
9/15, 41, , 21, 5, , 2, 2017
9/16, 35, , 23, 3, , 2, 2017
9/17, 54, , 20, 1, , 2, 2017
9/18, 40, , 24, 3, , 2, 2017
9/19, 18, , 21, 7, , 2, 2017
9/20, 29, , 24, 5, , 2, 2017
9/21, 26, , 21, 3, , 2, 2017
9/22, 24, , 19, 6, , 2, 2017
9/23, 22, , 22, 11, , 3, 2017
9/24, 33, , 23, 12, , 3, 2017
9/25, 45, , 19, 18, , 4, 2017
9/26, 52, , 25, 18, , 4, 2017
9/27, 49, , 36, 21, , 4, 2017
9/28, 56, , 21, 13, , 3, 2017
9/29, 36, , 20, 3, , 2, 2017
9/30, 24, , 19, 5, , 2, 2017
10/1, 41, , 21, 10, , 3, 2017
4/2, 44, , 23, 4, , 1, 2017
4/3, 49, , 29, 12, , 2, 2017
4/4, 54, , 32, 7, , , 2017
4/5, 39, , 45, 18, , 1, 2017
4/6, 32, , 45, 15, , , 2017
4/7, 33, , 36, 4, , 2, 2017
4/8, 34, , 38, 4, , 2, 2017
4/9, 18, , 34, 7, , 2, 2017
4/10, 24, , 32, 10, , 2, 2017
4/11, 25, , 32, 11, , 2, 2017
4/12, 33, , 35, 4, , 2, 2017
4/13, 14, , 37, 5, , 2, 2017
4/14, 19, , 30, 7, , 2, 2017
4/15, 20, , 28, 11, , 3, 2017
4/16, 30, , 33, 8, , 2, 2017
4/17, 31, , 29, 10, , 3, 2017
4/18, 19, , 31, 6, , 2, 2017
4/19, 18, , 30, 8, , 3, 2017
4/20, 25, , 34, 8, , 3, 2017
4/21, 27, , 28, 12, , 3, 2017
4/22, 33, , 29, 6, , 2, 2017
4/23, 22, , 32, 2, , 2, 2017
4/24, 15, , 33, 4, , 2, 2017
4/25, 22, , 31, 5, , 2, 2017
4/26, 18, , 24, 4, , 3, 2017
4/27, 19, , 33, 8, , 3, 2017
4/28, 33, , 30, 11, , 3, 2017
4/29, 39, , 32, 7, , 2, 2017
4/30, 31, , 28, 4, , 2, 2017
5/1, 45, , 28, 12, , 4, 2017
5/2, 44, , 18, 13, , 3, 2017
5/3, 39, , 16, 14, , 4, 2017
5/4, 41, , 18, 5, , 2, 2017
5/5, 18, , 32, 3, , 2, 2017
5/6, 23, , 30, 3, , 2, 2017
5/7, 43, , 27, 4, , 2, 2017
5/8, 58, , 25, 6, , 3, 2017
5/9, 62, , 30, 8, , 3, 2017
5/10, 60, , 30, 3, , 3, 2017
5/11, 36, , 29, 4, , 3, 2017
5/12, 19, , 28, 4, , 3, 2017
5/13, 15, , 27, 3, , 3, 2017
5/14, 21, , 25, 4, , 3, 2017
5/15, 34, , 30, 7, , 3, 2017
5/16, 41, , 28, 3, , 2, 2017
5/17, 18, , 25, 5, , 2, 2017
5/18, 29, , 21, 11, , 2, 2017
5/19, 44, , 24, 16, , 3, 2017
5/20, 54, , 23, 8, , 2, 2017
5/21, 32, , 22, 5, , 2, 2017
5/22, 41, , 23, 5, , 2, 2017
5/23, 25, , 25, 4, , 2, 2017
5/24, 18, , 29, 3, , 2, 2017
5/25, 20, , 28, 4, , 2, 2017
5/26, 24, , 27, 3, , 2, 2017
5/27, 23, , 25, 2, , 2, 2017
5/28, 25, , 25, 1, , 2, 2017
5/29, 23, , 25, 1, , 2, 2017
5/30, 21, , 24, 2, , 2, 2017
5/31, 28, , 22, 3, , 2, 2017
6/1, 18, , 18, 4, , 2, 2017
6/2, 15, , , , , , 2017
6/4, 33, , 28, 2, , 2, 2017
6/5, 44, , 24, 5, , 2, 2017
6/6, 54, , 24, 2, , 2, 2017
6/7, 46, , 22, 3, , 2, 2017
6/8, 33, , 17, 6, , 3, 2017
6/9, 22, , 26, 4, , 3, 2017
6/10, 23, , 23, 2, , 2, 2017
6/11, 21, , 22, 2, , 2, 2017
6/12, 31, , 18, 4, , 3, 2017
6/13, 48, , 19, 6, , 3, 2017
6/14, 46, , 23, 4, , 3, 2017
6/15, 49, , 18, 5, , 3, 2017
6/16, 36, , 19, 5, , 3, 2017
6/17, 29, , 17, 4, , 3, 2017
6/18, 46, , 26, 12, , 4, 2017
6/19, 55, , 14, 5, , 3, 2017
6/20, 48, , 13, 3, , 3, 2017
6/21, 44, , 16, 5, , 3, 2017
6/22, 40, , 21, 6, , 3, 2017
6/23, 52, , 19, 4, , 3, 2017
6/24, 22, , 18, 2, , 3, 2017
6/25, 15, , 20, 1, , 3, 2017
6/26, 9, , 19, 3, , 3, 2017
6/27, 18, , 17, 2, , 3, 2017
6/28, 10, , 20, 3, , 3, 2017
6/29, 34, , 19, 3, , 3, 2017
6/30, 44, , 19, 4, , 3, 2017
7/1, 41, , 19, 1, , 3, 2017
1/3, 17, , 28, 7, , 5, 2017
1/4, 14, , 26, 9, , 5, 2017
1/5, 14, , 22, 14, , 6, 2017
1/6, 16, , 22, 16, , 6, 2017
1/7, 23, , 24, 8, , 5, 2017
1/8, 31, , 28, 1, , 5, 2017
1/9, 15, , 33, 4, , 6, 2017
1/10, 14, , 35, 3, , 5, 2017
1/11, 12, , 33, 7, , 5, 2017
1/12, 21, , 24, 14, , 6, 2017
1/13, 22, , 14, 18, , 8, 2017
1/14, 38, , 18, 17, , 8, 2017
1/15, 36, , 16, 14, , 7, 2017
1/16, 54, , 14, 17, , 7, 2017
1/17, 65, , 9, 20, , 8, 2017
1/18, 82, , 32, 15, , 6, 2017
1/19, 52, , 34, 7, , 1, 2017
1/20, 31, , 33, 8, , 1, 2017
1/21, 22, , 34, 3, , , 2017
1/22, 25, , 32, 6, , 1, 2017
1/23, 25, , 28, 15, , 2, 2017
1/24, 26, , 24, 14, , 2, 2017
1/25, 25, , 25, 17, , 3, 2017
1/26, 26, , 17, 22, , 4, 2017
1/27, 42, , 10, 22, , 3, 2017
1/28, 40, , , , , , 2017
1/30, 47, , 17, 24, , 5, 2017
1/31, 54, , 14, 26, , 5, 2017
2/1, 78, , 10, 25, , 5, 2017
2/2, 79, , 24, 10, , 2, 2017
2/3, 23, , 33, 3, , 2, 2017
2/4, 16, , 31, 5, , 2, 2017
2/5, 24, , 33, 7, , 2, 2017
2/6, 22, , 32, 5, , 2, 2017
2/7, 21, , 24, 7, , 2, 2017
2/8, 21, , 13, 8, , 3, 2017
2/9, 20, , 32, 4, , 1, 2017
2/10, 18, , 32, 6, , 1, 2017
2/11, 16, , 25, 8, , 2, 2017
2/12, 22, , 22, 13, , 3, 2017
2/13, 30, , 12, 17, , 4, 2017
2/14, 44, , 19, 18, , 4, 2017
2/15, 45, , 30, 18, , 5, 2017
2/16, 47, , 35, 6, , 2, 2017
2/17, 42, , 33, 10, , 2, 2017
2/18, 27, , 33, 4, , 1, 2017
2/19, 23, , 31, 3, , , 2017
2/20, 18, , 38, 5, , 1, 2017
2/21, 24, , 36, 6, , 1, 2017
2/22, 33, , 32, 10, , 2, 2017
2/23, 20, , 30, 8, , 1, 2017
2/24, 21, , 30, 15, , 3, 2017
2/25, 24, , 33, 9, , 2, 2017
2/26, 25, , 32, 8, , 1, 2017
2/27, 25, , 29, 10, , 1, 2017
2/28, 22, , 30, 10, , , 2017
3/1, 23, , 23, 16, , 1, 2017
3/2, 24, , 22, 18, , 4, 2017
3/3, 38, , 32, 12, , 5, 2017
3/4, 34, , 32, 3, , 3, 2017
3/5, 11, , 37, 3, , 3, 2017
3/6, 19, , 29, 12, , 3, 2017
3/7, 24, , 27, 19, , 4, 2017
3/8, 32, , 26, 14, , 2, 2017
3/9, 20, , 18, 15, , 4, 2017
3/10, 28, , 14, 14, , 5, 2017
3/11, 28, , 25, 9, , 5, 2017
3/12, 29, , 21, 9, , 5, 2017
3/13, 28, , 25, 19, , 6, 2017
3/14, 40, , 30, 17, , 3, 2017
3/15, 41, , 19, 5, , 2, 2017
3/16, 18, , 25, 6, , 2, 2017
3/17, 15, , 32, 16, , 4, 2017
3/18, 36, , 27, 8, , 2, 2017
3/19, 25, , 27, 5, , 2, 2017
3/20, 25, , 25, 8, , 1, 2017
3/21, 32, , 34, 3, , 2, 2017
3/22, 28, , 35, 4, , 3, 2017
3/23, 21, , 34, 6, , 3, 2017
3/24, 23, , 33, 9, , 3, 2017
3/25, 23, , 33, 6, , 2, 2017
3/26, 31, , 35, 3, , 2, 2017
3/27, 23, , 30, 6, , 1, 2017
3/28, 31, , 32, 12, , 2, 2017
3/29, 36, , 27, 12, , 3, 2017
3/30, 55, , 30, 4, , 2, 2017
3/31, 42, , 32, 7, , 2, 2017
4/1, 38, , 31, 9, , 1, 2017
10/2, 28, , 29, 3, , 3, 2016
10/3, 25, , 25, 10, , 4, 2016
10/4, 27, , 25, 9, , 3, 2016
10/5, 29, , 23, 12, , 4, 2016
10/6, 28, , 22, 16, , 5, 2016
10/7, 26, , 22, 22, , 6, 2016
10/8, 39, , 37, 20, , 6, 2016
10/9, 34, , 31, 11, , 4, 2016
10/10, 31, , 33, 5, , 3, 2016
10/11, 22, , 32, 5, , 3, 2016
10/12, 26, , 23, 4, , 3, 2016
10/13, 22, , 20, 5, , 3, 2016
10/14, 17, , 30, 4, , 3, 2016
10/15, 20, , 28, 5, , 3, 2016
10/16, 20, , 31, 3, , 2, 2016
10/17, 24, , 31, 7, , 3, 2016
10/18, 29, , 24, 12, , 3, 2016
10/19, 23, , 21, 17, , 4, 2016
10/20, 33, , 18, 23, , 7, 2016
10/21, 39, , 17, 13, , 5, 2016
10/22, 33, , 24, 6, , 3, 2016
10/23, 29, , 35, 3, , 2, 2016
10/24, 29, , 30, 5, , 2, 2016
10/25, 31, , 19, 7, , 2, 2016
10/26, 17, , 18, 8, , 2, 2016
10/27, 16, , 11, 14, , 3, 2016
10/28, 24, , 24, 8, , 2, 2016
10/29, 27, , 24, 7, , 3, 2016
10/30, 12, , 32, 3, , 2, 2016
10/31, 25, , 30, 7, , 3, 2016
11/1, 24, , 30, 8, , 3, 2016
11/2, 35, , 21, 18, , 5, 2016
11/3, 35, , 17, 20, , 5, 2016
11/4, 34, , 23, 18, , 5, 2016
11/5, 52, , 19, 12, , 5, 2016
11/6, 40, , 18, 8, , 3, 2016
11/7, 25, , 14, 21, , 6, 2016
11/8, 31, , 22, 19, , 5, 2016
11/9, 32, , 17, 18, , 5, 2016
11/10, 41, , 15, 21, , 7, 2016
11/11, 42, , 23, 16, , 5, 2016
11/12, 47, , 23, 7, , 3, 2016
11/13, 32, , 22, 13, , 4, 2016
11/14, 40, , 15, 14, , 5, 2016
11/15, 49, , 28, 7, , 3, 2016
11/16, 41, , 26, 9, , 3, 2016
11/17, 47, , 17, 18, , 4, 2016
11/18, 51, , 32, 15, , 4, 2016
11/19, 52, , 32, 4, , 3, 2016
11/20, 41, , 24, 9, , 4, 2016
11/21, 45, , 23, 13, , 4, 2016
11/22, 48, , 23, 16, , 4, 2016
11/23, 50, , 25, 16, , 4, 2016
11/24, 48, , 23, 15, , 4, 2016
11/25, 51, , 22, 18, , 5, 2016
11/26, 60, , 30, 6, , 3, 2016
11/27, 45, , 30, 4, , 3, 2016
11/28, 42, , 24, 11, , 3, 2016
11/29, 47, , 18, 20, , 5, 2016
11/30, 48, , 12, 20, , 5, 2016
12/1, 43, , 19, 19, , 6, 2016
12/2, 41, , 25, 15, , 4, 2016
12/3, 43, , 16, 20, , 6, 2016
12/4, 51, , 22, 13, , 6, 2016
12/5, 52, , 16, 15, , 5, 2016
12/6, 44, , 14, 13, , 4, 2016
12/7, 38, , 18, 12, , 4, 2016
12/8, 42, , 11, 20, , 6, 2016
12/9, 32, , 21, 11, , 5, 2016
12/10, 21, , , , , , 2016
12/12, 32, , 13, 16, , 5, 2016
12/13, 40, , 7, 20, , 6, 2016
12/14, 57, , 17, 15, , 5, 2016
12/15, 44, , 29, 5, , 3, 2016
12/16, 18, , 29, 6, , 3, 2016
12/17, 42, , 21, 15, , 4, 2016
12/18, 44, , 22, 17, , 5, 2016
12/19, 52, , 15, 20, , 5, 2016
12/20, 61, , 11, 21, , 5, 2016
12/23, 33, , 30, 12, , 4, 2016
12/24, 23, , 27, 8, , 3, 2016
12/25, 21, , 21, 11, , 3, 2016
12/26, 36, , 21, 12, , 3, 2016
12/27, 20, , 13, 24, , 6, 2016
12/28, 35, , 12, 24, , 5, 2016
12/29, 38, , 12, 27, , 8, 2016
12/30, 63, , 27, 19, , 7, 2016
12/31, 60, , 24, 8, , 5, 2016
1/1, 23, , 30, 4, , 4, 2017
1/2, 30, , 30, 8, , 5, 2017
7/2, 48, , 17, , , 2, 2016
7/3, 18, , 19, , , 2, 2016
7/4, 13, , 19, , , 2, 2016
7/5, 24, , 20, 1, , 2, 2016
7/6, 23, , 20, 2, , 2, 2016
7/7, 32, , 14, 2, , 2, 2016
7/8, 19, , 13, 1, , 2, 2016
7/9, 12, , 22, , , 2, 2016
7/10, 16, , 18, 2, , 3, 2016
7/11, 20, , 17, 4, , 3, 2016
7/12, 33, , 16, 2, , 2, 2016
7/13, 31, , 15, 4, , 3, 2016
7/14, 38, , 18, 3, , 3, 2016
7/15, 38, , 21, 2, , 3, 2016
7/16, 24, , 19, , , 3, 2016
7/17, 25, , 17, , , 3, 2016
7/18, 27, , 17, 2, , 3, 2016
7/19, 12, , 23, 2, , 3, 2016
7/20, 13, , 19, 2, , 3, 2016
7/21, 17, , 19, 2, , 3, 2016
7/22, 16, , 17, 3, , 3, 2016
7/23, 18, , 18, 3, , 3, 2016
7/24, 47, , 19, 1, , 3, 2016
7/25, 43, , 18, 4, , 3, 2016
7/26, 20, , 19, 10, , 4, 2016
7/27, 20, , 13, 6, , 3, 2016
7/28, 23, , 12, 3, , 3, 2016
7/29, 15, , 12, 3, , 3, 2016
7/30, 13, , 16, 2, , 3, 2016
7/31, 13, , 19, 1, , 3, 2016
8/1, 15, , 23, 2, , 3, 2016
8/2, 19, , 19, 2, , 3, 2016
8/3, 21, , 18, 2, , 2, 2016
8/4, 44, , 18, 2, , 1, 2016
8/5, 27, , 17, 3, , 1, 2016
8/6, 10, , 19, 1, , 1, 2016
8/7, 40, , 17, 1, , 1, 2016
8/8, 32, , 16, 2, , 2, 2016
8/9, 33, , 17, 3, , 2, 2016
8/10, 34, , 17, 3, , 2, 2016
8/11, 23, , 17, 3, , 2, 2016
8/12, 19, , 16, 3, , 2, 2016
8/13, 19, , 16, 3, , 2, 2016
8/14, 13, , 13, 2, , 2, 2016
8/15, 19, , 14, 2, , 2, 2016
8/16, 15, , 17, 2, , 2, 2016
8/17, 22, , 18, 2, , 2, 2016
8/18, 18, , 20, 3, , 3, 2016
8/19, 19, , 26, 3, , 3, 2016
8/20, 39, , 25, 1, , 2, 2016
8/21, 25, , 25, 1, , 2, 2016
8/22, 19, , 24, 3, , 2, 2016
8/23, 19, , 24, 3, , 2, 2016
8/24, 24, , 22, 3, , 2, 2016
8/25, 27, , 23, 2, , 2, 2016
8/26, 26, , 25, 2, , 2, 2016
8/27, 20, , 26, 1, , 2, 2016
8/28, 34, , 29, 1, , 2, 2016
8/29, 26, , 24, 3, , 2, 2016
8/30, 20, , 16, 3, , 2, 2016
8/31, 14, , 16, 2, , 2, 2016
9/1, 17, , 18, 2, , 2, 2016
9/2, 30, , 18, 3, , 2, 2016
9/3, 47, , 22, 1, , 2, 2016
9/4, 41, , 20, 2, , 1, 2016
9/5, 45, , 20, 3, , 2, 2016
9/6, 47, , 18, 10, , 3, 2016
9/7, 59, , 18, 13, , 4, 2016
9/8, 48, , 34, 5, , 2, 2016
9/9, 36, , 29, 4, , 2, 2016
9/10, 36, , 25, 2, , 2, 2016
9/11, 38, , 25, 1, , 2, 2016
9/12, 34, , 24, 3, , 1, 2016
9/13, 39, , 27, 6, , 2, 2016
9/14, 41, , 24, 10, , 3, 2016
9/15, 31, , 30, 4, , 2, 2016
9/16, 29, , 24, 5, , 3, 2016
9/17, 22, , 21, 5, , 3, 2016
9/18, 16, , 20, 11, , 4, 2016
9/19, 17, , 25, 14, , 5, 2016
9/20, 27, , 24, 4, , 2, 2016
9/28, 9, , 25, 4, , 3, 2016
9/29, 23, , 27, 3, , 2, 2016
9/30, 41, , 28, 3, , 3, 2016
10/1, 35, , 29, 5, , 4, 2016
4/2, 34, , 28, 5, , 2, 2016
4/3, 37, , 26, 3, , 2, 2016
4/4, 35, , 24, 9, , 3, 2016
4/5, 36, , 25, 17, , 5, 2016
4/6, 48, , 29, 24, , 5, 2016
4/7, 38, , 29, 8, , 3, 2016
4/8, 46, , 23, 5, , 3, 2016
4/9, 43, , 22, 5, , 3, 2016
4/10, 21, , 26, 4, , , 2016
4/11, 26, , 25, 5, , 3, 2016
4/12, 33, , 32, 6, , 3, 2016
4/13, 35, , 31, 4, , 3, 2016
4/14, 37, , 32, 6, , 3, 2016
4/15, 42, , 27, 7, , 3, 2016
4/16, 40, , 30, 13, , 5, 2016
4/17, 33, , 38, 13, , 5, 2016
4/18, 42, , 34, 20, , 5, 2016
4/19, 42, , 35, 22, , 5, 2016
4/20, 37, , 29, 13, , 5, 2016
4/21, 34, , 28, 6, , 4, 2016
4/22, 33, , 34, 5, , 4, 2016
4/23, 35, , 29, 4, , 4, 2016
4/24, 35, , 32, 3, , , 2016
4/25, 34, , 30, 6, , 4, 2016
4/26, 36, , 28, 14, , 5, 2016
4/27, 44, , 32, 3, , 3, 2016
4/28, 41, , 27, 7, , 3, 2016
4/29, 50, , 27, 8, , 3, 2016
4/30, 48, , , , , , 2016
5/2, 53, , 28, 5, , 3, 2016
5/3, 55, , 23, 7, , 3, 2016
5/4, 43, , 28, 3, , 3, 2016
5/5, 43, , 27, 5, , 3, 2016
5/6, 41, , 22, 5, , 3, 2016
5/7, 51, , 23, 5, , 2, 2016
5/8, 34, , 26, 3, , 3, 2016
5/9, 39, , 28, 4, , 3, 2016
5/10, 40, , 28, 5, , 3, 2016
5/11, 37, , 28, 4, , 3, 2016
5/12, 38, , 28, 4, , 3, 2016
5/13, 35, , 30, 3, , 3, 2016
5/14, 25, , 26, 2, , 3, 2016
5/15, 14, , 22, 2, , , 2016
5/16, 16, , , , , , 2016
5/18, 44, , 28, 6, , 4, 2016
5/19, 53, , 31, 3, , 3, 2016
5/20, 41, , 29, 2, , , 2016
5/21, 26, , 28, 2, , 3, 2016
5/22, 14, , 23, 2, , 3, 2016
5/23, 11, , 20, 3, , 3, 2016
5/24, 8, , 19, 3, , 2, 2016
5/25, 13, , 25, 3, , 2, 2016
5/26, 20, , 37, 4, , 3, 2016
5/27, 32, , 34, 6, , 3, 2016
5/28, 50, , 34, 11, , 4, 2016
5/29, 53, , 31, 2, , 3, 2016
5/30, 50, , 28, 3, , 3, 2016
5/31, 35, , 24, 7, , 4, 2016
6/1, 35, , 27, 5, , 3, 2016
6/2, 21, , 27, 6, , 4, 2016
6/3, 31, , 27, 14, , 5, 2016
6/4, 29, , 23, 8, , 4, 2016
6/5, 22, , 25, 2, , 3, 2016
6/6, 18, , , , , , 2016
6/8, 15, , 24, 3, , 3, 2016
6/9, 20, , 23, 2, , 3, 2016
6/10, 16, , 26, 6, , 3, 2016
6/11, 26, , 27, 6, , 4, 2016
6/12, 37, , 26, 2, , 3, 2016
6/13, 48, , 27, 2, , 3, 2016
6/14, 37, , 26, 3, , 3, 2016
6/15, 26, , 23, 3, , 3, 2016
6/16, 20, , 25, 4, , 3, 2016
6/17, 19, , 21, 5, , 4, 2016
6/18, 12, , 23, 3, , 4, 2016
6/19, 19, , 29, 9, , 4, 2016
6/20, 28, , 22, 5, , 4, 2016
6/21, 35, , 21, 7, , 4, 2016
6/22, 44, , 24, 3, , 3, 2016
6/23, 37, , 21, 5, , 3, 2016
6/24, 29, , 19, 4, , 4, 2016
6/25, 30, , 20, 5, , 4, 2016
6/26, 51, , 19, 3, , 4, 2016
6/27, 48, , 19, 6, , 4, 2016
6/28, 32, , 16, 4, , 3, 2016
6/29, 41, , 20, 2, , 2, 2016
6/30, 46, , 18, 2, , 2, 2016
7/1, 55, , 17, 1, , 2, 2016
1/5, 58, , 23, 13, , 4, 2016
1/6, 29, , 28, 9, , 3, 2016
1/7, 19, , 19, 16, , 4, 2016
1/8, 35, , 9, 24, , 5, 2016
1/9, 53, , 20, 16, , 4, 2016
1/10, 37, , 19, 11, , 4, 2016
1/11, 38, , 8, 21, , 5, 2016
1/12, 51, , 26, 19, , 5, 2016
1/13, 53, , 28, 9, , 4, 2016
1/14, 36, , 30, 16, , 5, 2016
1/15, 33, , 23, 20, , 5, 2016
1/16, 47, , 13, 14, , 5, 2016
1/17, 30, , 21, 7, , 4, 2016
1/18, 24, , 21, 17, , 5, 2016
1/19, 25, , 26, 11, , 4, 2016
1/20, 37, , 11, 21, , 6, 2016
1/21, 43, , 29, 21, , 5, 2016
1/22, 40, , 32, 9, , 2, 2016
1/23, 16, , 31, 4, , 2, 2016
1/24, 25, , 26, 7, , 2, 2016
1/25, 19, , 18, 14, , 3, 2016
1/26, 26, , 7, 20, , 4, 2016
1/27, 46, , 14, 22, , 6, 2016
1/28, 48, , 14, 26, , 7, 2016
1/29, 57, , 29, 10, , 4, 2016
1/30, 25, , 29, 6, , 3, 2016
1/31, 18, , 27, 4, , 2, 2016
2/1, 19, , 25, 7, , 3, 2016
2/2, 21, , 19, 12, , 3, 2016
2/3, 28, , 19, 15, , 3, 2016
2/4, 34, , 19, 19, , 4, 2016
2/5, 43, , 16, 21, , 4, 2016
2/6, 44, , 18, 21, , 5, 2016
2/7, 48, , 17, 23, , 6, 2016
2/8, 46, , 18, 24, , 5, 2016
2/9, 41, , 19, 30, , 7, 2016
2/10, 63, , 16, 30, , 8, 2016
2/11, 59, , 17, 24, , 6, 2016
2/12, 55, , 15, 17, , 5, 2016
2/13, 37, , 19, 11, , 4, 2016
2/14, 35, , 18, 15, , 5, 2016
2/15, 40, , 16, 20, , 6, 2016
2/16, 27, , 23, 27, , 8, 2016
2/17, 58, , 33, 8, , 2, 2016
2/18, 31, , 32, 5, , 2, 2016
2/19, 25, , 29, 11, , 3, 2016
2/20, 27, , 23, 14, , 4, 2016
2/21, 31, , 26, 13, , 4, 2016
2/22, 29, , 17, 23, , 6, 2016
2/23, 32, , 20, 23, , 5, 2016
2/24, 36, , 26, 27, , 5, 2016
2/25, 47, , 26, 28, , 6, 2016
2/26, 62, , 23, 11, , 3, 2016
2/27, 26, , 26, 7, , 3, 2016
2/28, 20, , 21, 13, , 4, 2016
2/29, 33, , 14, 22, , 5, 2016
3/1, 41, , 22, 14, , 5, 2016
3/2, 29, , 21, 9, , 3, 2016
3/3, 25, , 19, 9, , 3, 2016
3/4, 15, , 20, 10, , 4, 2016
3/5, 21, , 34, 3, , 3, 2016
3/6, 12, , 34, 3, , 2, 2016
3/7, 21, , 31, 9, , 3, 2016
3/8, 19, , 27, 12, , 4, 2016
3/9, 21, , 16, 16, , 5, 2016
3/10, 29, , 29, 8, , 3, 2016
3/11, 17, , 32, 6, , 3, 2016
3/12, 23, , 28, 6, , 3, 2016
3/13, 25, , 32, 2, , 3, 2016
3/14, 24, , 32, 7, , 4, 2016
3/15, 31, , 27, 17, , 5, 2016
3/16, 34, , 6, 25, , 6, 2016
3/17, 49, , , , , , 2016
3/21, 14, , 34, 6, , 4, 2016
3/22, 29, , 27, 10, , 5, 2016
3/23, 29, , 23, 11, , 5, 2016
3/24, 20, , 24, 9, , 5, 2016
3/25, 31, , 27, 10, , 4, 2016
3/26, 44, , 21, 9, , 3, 2016
3/27, 40, , 31, 3, , 2, 2016
3/28, 24, , 30, 5, , 2, 2016
3/29, 27, , 24, 12, , 3, 2016
3/30, 35, , 27, 6, , 3, 2016
3/31, 36, , 27, 5, , 2, 2016
4/1, 38, , 28, 4, , 2, 2016
10/2, 38, , 20, 10, , 4, 2015
10/3, 23, , 28, 3, , 3, 2015
10/4, 39, , 30, 5, , 3, 2015
10/5, 36, , 28, 10, , 4, 2015
10/6, 27, , 29, 8, , 5, 2015
10/7, 24, , 25, 8, , 3, 2015
10/8, 36, , 21, 17, , 5, 2015
10/9, 40, , 22, 11, , 3, 2015
10/10, 18, , 19, 5, , 3, 2015
10/11, 10, , 18, 8, , 3, 2015
10/12, 21, , 18, 20, , 6, 2015
10/13, 33, , 29, 22, , 6, 2015
10/14, 42, , 27, 15, , 5, 2015
10/15, 30, , 24, 7, , 3, 2015
10/16, 23, , 29, 5, , 3, 2015
10/17, 23, , 36, 3, , 2, 2015
10/18, 9, , 32, 3, , , 2015
10/19, 10, , 23, 8, , 3, 2015
10/20, 16, , 15, 16, , 5, 2015
10/21, 21, , 17, 16, , 5, 2015
10/22, 26, , 22, 11, , 4, 2015
10/23, 37, , 16, 13, , 4, 2015
10/24, 37, , 20, 12, , 4, 2015
10/25, 44, , 27, 5, , 3, 2015
10/26, 27, , 17, 11, , 4, 2015
10/27, 23, , 23, 19, , 4, 2015
10/28, 21, , 25, 10, , 3, 2015
10/29, 15, , 22, 16, , 4, 2015
10/30, 21, , 15, 21, , 6, 2015
10/31, 35, , 19, 9, , 4, 2015
11/1, 26, , 21, 4, , , 2015
11/2, 7, , 26, 8, , 3, 2015
11/3, 6, , 22, 11, , 3, 2015
11/4, 5, , 25, 14, , 3, 2015
11/7, 35, , 25, 14, , 4, 2015
11/8, 35, , 27, 7, , 3, 2015
11/9, 24, , 33, 10, , 4, 2015
11/10, 19, , 22, 17, , 5, 2015
11/11, 29, , 16, 23, , 6, 2015
11/12, 40, , 17, 21, , 6, 2015
11/13, 40, , 17, 27, , 8, 2015
11/14, 47, , 31, 16, , 6, 2015
11/15, 66, , 30, 3, , 3, 2015
11/16, 19, , 27, 9, , 3, 2015
11/17, 16, , 17, 15, , 4, 2015
11/18, 20, , 16, 25, , 7, 2015
11/19, 38, , 15, 25, , 8, 2015
11/20, 39, , 10, 23, , 7, 2015
11/21, 35, , 19, 23, , 8, 2015
11/22, 49, , 20, 24, , 7, 2015
11/23, 55, , 22, 12, , 5, 2015
11/24, 38, , 26, 9, , 3, 2015
11/25, 26, , 20, 18, , 3, 2015
11/26, 25, , 24, 11, , 3, 2015
11/27, 23, , 24, 11, , 3, 2015
11/28, 22, , 23, 14, , 3, 2015
11/29, 24, , 22, 16, , 3, 2015
11/30, 28, , 15, 29, , 6, 2015
12/1, 53, , 17, 24, , 5, 2015
12/2, 36, , 7, 30, , 6, 2015
12/3, 66, , 27, 18, , 5, 2015
12/4, 56, , 14, 23, , 5, 2015
12/5, 36, , 10, 22, , 5, 2015
12/6, 48, , 19, 15, , 4, 2015
12/7, 28, , 8, 24, , 5, 2015
12/8, 47, , 8, 24, , 7, 2015
12/9, 48, , 20, 16, , 5, 2015
12/10, 31, , 28, 7, , 3, 2015
12/11, 33, , 26, 12, , 4, 2015
12/12, 33, , 22, 13, , 4, 2015
12/13, 30, , 30, 4, , 3, 2015
12/14, 17, , 25, 7, , 3, 2015
12/15, 25, , 20, 16, , 5, 2015
12/16, 19, , 12, 25, , 6, 2015
12/17, 47, , 8, 27, , 7, 2015
12/18, 46, , 27, 17, , 6, 2015
12/19, 35, , 23, 11, , 4, 2015
12/20, 24, , 23, 12, , 4, 2015
12/21, 17, , 23, 6, , 4, 2015
12/22, 13, , 30, 5, , 4, 2015
12/23, 24, , 25, 7, , 4, 2015
12/24, 33, , 27, 7, , 4, 2015
12/25, 23, , 23, 9, , 4, 2015
12/26, 19, , 22, 14, , 5, 2015
12/27, 25, , 13, 19, , 6, 2015
12/28, 49, , 13, 20, , 7, 2015
12/29, 46, , 12, 24, , 6, 2015
12/30, 41, , 13, 23, , 5, 2015
12/31, 52, , 21, 19, , 3, 2015
1/1, 50, , , , , , 2016
1/3, 50, , 13, 19, , 4, 2016
1/4, 65, , 24, 17, , 4, 2016
7/2, 11, , 16, 4, , 3, 2015
7/3, 13, , 21, 2, , 3, 2015
7/4, 13, , 21, 1, , , 2015
7/5, 6, , 21, 1, , , 2015
7/6, 5, , 21, 3, , 3, 2015
7/7, 17, , 16, 3, , 3, 2015
7/8, 14, , 19, 3, , 3, 2015
7/9, 17, , 20, 4, , 3, 2015
7/10, 18, , 19, 5, , 3, 2015
7/11, 25, , 20, 3, , 2, 2015
7/12, 12, , 19, 2, , 2, 2015
7/13, 12, , 14, 2, , 2, 2015
7/14, 10, , 20, 2, , 2, 2015
7/15, 16, , 20, 4, , 3, 2015
7/16, 24, , 20, 5, , 2, 2015
7/17, 21, , 23, 4, , 3, 2015
7/18, 15, , 27, 2, , 2, 2015
7/19, 13, , 28, 5, , 2, 2015
7/20, 9, , 17, 7, , 4, 2015
7/21, 19, , 17, 2, , 2, 2015
7/22, 13, , 18, 3, , 2, 2015
7/23, 28, , 19, 3, , 2, 2015
7/24, 27, , 18, 3, , 2, 2015
7/25, 14, , 16, 2, , 2, 2015
7/26, 19, , 19, 1, , 2, 2015
7/27, 22, , 19, 6, , 3, 2015
7/28, 30, , 19, 11, , 3, 2015
7/29, 40, , 21, 6, , 3, 2015
7/30, 26, , 22, 3, , 2, 2015
7/31, 20, , 19, 3, , 2, 2015
8/1, 19, , 21, 1, , , 2015
8/2, 18, , 18, 1, , 2, 2015
8/3, 17, , 20, 3, , 2, 2015
8/4, 9, , 19, 4, , 3, 2015
8/5, 12, , 19, 4, , 3, 2015
8/6, 13, , 21, 4, , 3, 2015
8/7, 26, , 22, 4, , 3, 2015
8/8, 27, , 22, 1, , , 2015
8/9, 16, , 16, 1, , 2, 2015
8/10, 12, , 17, 2, , 2, 2015
8/11, 12, , 18, 3, , 2, 2015
8/12, 18, , 15, 4, , 3, 2015
8/13, 10, , 19, 3, , 3, 2015
8/14, 9, , 15, 4, , 3, 2015
8/15, 14, , 25, 11, , 5, 2015
8/16, 55, , 40, 10, , 5, 2015
8/17, 75, , 24, 7, , 4, 2015
8/18, 66, , 31, 3, , 4, 2015
8/19, 61, , 28, 3, , 3, 2015
8/20, 42, , 29, 3, , 3, 2015
8/21, 31, , 24, 3, , 2, 2015
8/22, 28, , 23, 2, , 2, 2015
8/23, 22, , 26, 2, , 3, 2015
8/24, 28, , 28, 4, , 3, 2015
8/25, 43, , 29, 4, , 3, 2015
8/26, 46, , 23, 6, , 3, 2015
8/27, 40, , 19, 9, , 3, 2015
8/28, 21, , 11, 10, , 4, 2015
8/29, 21, , 19, 3, , , 2015
8/30, 9, , 22, 2, , , 2015
8/31, 12, , 23, 4, , 3, 2015
9/1, 31, , 24, 3, , 2, 2015
9/2, 31, , 22, 3, , 2, 2015
9/3, 16, , 22, 4, , 2, 2015
9/4, 22, , 19, 4, , 2, 2015
9/5, 24, , 22, 9, , 4, 2015
9/6, 29, , 23, 14, , 4, 2015
9/7, 26, , 40, 14, , 4, 2015
9/8, 26, , 45, 23, , 6, 2015
9/9, 34, , 25, 28, , 7, 2015
9/10, 43, , 18, 13, , 5, 2015
9/11, 19, , 20, 8, , 3, 2015
9/12, 20, , 23, 4, , 3, 2015
9/13, 21, , 18, 3, , 3, 2015
9/14, 17, , 21, 5, , 3, 2015
9/15, 20, , 24, 4, , 2, 2015
9/16, 18, , 26, 6, , 3, 2015
9/17, 11, , 22, 6, , 3, 2015
9/18, 18, , 19, 13, , 4, 2015
9/19, 30, , 34, 14, , 4, 2015
9/20, 30, , 57, 20, , 5, 2015
9/21, 35, , 25, 25, , 5, 2015
9/22, 43, , 24, 4, , 2, 2015
9/23, 35, , 22, 7, , 3, 2015
9/24, 27, , 22, 15, , 4, 2015
9/25, 23, , 20, 8, , 4, 2015
9/26, 27, , 20, 5, , 3, 2015
9/27, 18, , 21, 5, , 3, 2015
9/28, 42, , 26, 5, , 3, 2015
9/29, 30, , 29, 5, , 3, 2015
9/30, 22, , 26, 15, , 4, 2015
10/1, 21, , 21, 12, , 4, 2015
4/2, 30, , 30, 12, , 4, 2015
4/3, 34, , 33, 16, , 6, 2015
4/4, 50, , 37, 5, , 4, 2015
4/5, 27, , 37, 5, , 3, 2015
4/6, 27, , 36, 10, , 4, 2015
4/7, 26, , 36, 6, , 2, 2015
4/8, 16, , 33, 11, , 3, 2015
4/9, 22, , 30, 15, , 3, 2015
4/10, 24, , 29, 11, , 3, 2015
4/11, 22, , 28, 6, , 3, 2015
4/12, 22, , 28, 7, , 3, 2015
4/13, 23, , 32, 5, , 3, 2015
4/14, 23, , 38, 7, , 4, 2015
4/15, 24, , 30, 14, , 4, 2015
4/16, 30, , 37, 18, , 4, 2015
4/17, 30, , 31, 13, , 3, 2015
4/18, 35, , 29, 5, , 3, 2015
4/19, 42, , 32, 2, , 2, 2015
4/20, 29, , 32, 4, , 2, 2015
4/21, 33, , 30, 5, , 2, 2015
4/22, 22, , 30, 5, , 2, 2015
4/23, 33, , 30, 5, , 3, 2015
4/24, 53, , 35, 4, , , 2015
4/25, 27, , 31, 3, , 2, 2015
4/26, 20, , 28, 7, , 4, 2015
4/27, 20, , 21, 13, , 4, 2015
4/28, 27, , 28, 4, , 2, 2015
4/29, 28, , 30, 6, , 3, 2015
4/30, 47, , 36, 20, , 5, 2015
5/1, 40, , 35, 16, , 5, 2015
5/2, 54, , 38, 3, , 3, 2015
5/3, 43, , 38, 2, , , 2015
5/4, 29, , 36, 4, , 3, 2015
5/5, 31, , 31, 5, , 2, 2015
5/6, 44, , 29, 9, , 3, 2015
5/7, 48, , 30, 12, , 3, 2015
5/8, 50, , 29, 8, , 4, 2015
5/9, 54, , 31, 3, , 2, 2015
5/10, 26, , 32, 2, , 2, 2015
5/11, 25, , 31, 5, , 2, 2015
5/12, 37, , 33, 5, , 2, 2015
5/13, 25, , 32, 4, , 3, 2015
5/14, 17, , 37, 6, , 3, 2015
5/15, 17, , 34, 5, , 3, 2015
5/16, 21, , 32, 3, , 3, 2015
5/17, 23, , 31, 2, , , 2015
5/18, 16, , 29, 5, , 3, 2015
5/19, 19, , 28, 4, , 3, 2015
5/20, 24, , 27, 4, , 2, 2015
5/21, 23, , 27, 5, , 2, 2015
5/22, 17, , 30, 4, , 2, 2015
5/23, 17, , 30, 2, , 2, 2015
5/24, 27, , 30, 2, , 2, 2015
5/25, 33, , 27, 2, , 2, 2015
5/26, 17, , 28, 4, , 2, 2015
5/27, 13, , 25, 3, , 2, 2015
5/28, 15, , 24, 4, , 2, 2015
5/29, 15, , 26, 3, , 2, 2015
5/30, 17, , 28, 3, , 2, 2015
5/31, 20, , 32, 2, , 2, 2015
6/1, 23, , 23, 4, , 2, 2015
6/2, 12, , 23, 4, , 2, 2015
6/3, 16, , 23, 5, , 3, 2015
6/4, 28, , 23, 5, , 3, 2015
6/5, 36, , 23, 6, , 3, 2015
6/6, 34, , 24, 2, , 3, 2015
6/7, 12, , 22, 3, , 4, 2015
6/8, 9, , 24, 10, , 4, 2015
6/9, 15, , 21, 6, , 3, 2015
6/10, 11, , 21, 10, , 3, 2015
6/11, 15, , 24, 7, , 3, 2015
6/12, 28, , 24, 6, , 3, 2015
6/13, 34, , 24, 2, , 2, 2015
6/14, 40, , 26, 1, , , 2015
6/15, 52, , 24, 3, , 2, 2015
6/16, 41, , 23, 3, , 2, 2015
6/17, 45, , 23, 4, , 2, 2015
6/18, 37, , 24, 4, , 2, 2015
6/19, 32, , 21, 4, , 2, 2015
6/20, 18, , 21, 3, , 2, 2015
6/21, 19, , 27, 2, , 2, 2015
6/22, 26, , 24, 3, , 2, 2015
6/23, 23, , 23, 4, , 2, 2015
6/24, 35, , 22, 3, , 2, 2015
6/25, 35, , 19, 7, , 3, 2015
6/26, 34, , 23, 5, , 3, 2015
6/27, 28, , 19, 2, , , 2015
6/28, 26, , 19, 1, , , 2015
6/29, 5, , 17, 3, , 2, 2015
6/30, 13, , 14, 7, , 3, 2015
7/1, 15, , 18, 6, , 3, 2015
1/2, 48, , 17, 25, , 5, 2015
1/3, 73, , 15, 28, , 7, 2015
1/4, 82, , 16, 24, , 6, 2015
1/5, 88, , 10, 30, , 6, 2015
1/6, 69, , 11, 32, , 7, 2015
1/7, 89, , 7, 34, , 10, 2015
1/8, 72, , 4, 34, , 9, 2015
1/9, 98, , 7, 25, , 6, 2015
1/10, 81, , 13, 16, , 4, 2015
1/11, 54, , 12, 16, , 4, 2015
1/12, 51, , 8, 21, , 5, 2015
1/13, 47, , 10, 24, , 6, 2015
1/14, 38, , 11, 23, , 6, 2015
1/15, 77, , 8, 27, , 6, 2015
1/16, 105, , 3, 25, , 7, 2015
1/17, 95, , 14, 16, , 4, 2015
1/18, 56, , 6, 14, , 5, 2015
1/19, 54, , 10, 12, , 5, 2015
1/20, 43, , 9, 16, , 6, 2015
1/21, 52, , 10, 20, , 7, 2015
1/22, 48, , 10, 15, , 5, 2015
1/23, 62, , 7, 23, , 8, 2015
1/24, 67, , 9, 20, , 7, 2015
1/25, 68, , 12, 16, , 6, 2015
1/26, 67, , 7, 24, , 7, 2015
1/27, 63, , 19, 27, , 7, 2015
1/28, 41, , 18, 21, , 8, 2015
1/29, 56, , 16, 19, , 7, 2015
1/30, 50, , 10, 12, , 5, 2015
1/31, 43, , 23, 15, , 6, 2015
2/1, 34, , 16, 16, , 6, 2015
2/2, 53, , 17, 27, , 9, 2015
2/3, 82, , 13, 24, , 6, 2015
2/4, 58, , 27, 17, , 5, 2015
2/5, 72, , 25, 12, , 3, 2015
2/6, 34, , 24, 4, , 2, 2015
2/7, 17, , 25, 5, , 3, 2015
2/8, 25, , 33, 6, , 3, 2015
2/9, 23, , 30, 6, , 3, 2015
2/10, 43, , 19, 16, , 4, 2015
2/11, 32, , 13, 22, , 5, 2015
2/12, 34, , 16, 23, , 6, 2015
2/13, 38, , 18, 23, , 6, 2015
2/14, 46, , 19, 20, , 6, 2015
2/15, 49, , 20, 19, , 7, 2015
2/16, 48, , 30, 15, , 6, 2015
2/17, 48, , 32, 7, , 3, 2015
2/18, 45, , 30, 8, , 3, 2015
2/19, 36, , 22, 10, , 3, 2015
2/20, 44, , 14, 13, , 5, 2015
2/21, 50, , 27, 11, , 4, 2015
2/22, 43, , 27, 9, , 3, 2015
2/23, 31, , 27, 11, , 3, 2015
2/24, 20, , 25, 19, , 4, 2015
2/25, 30, , 25, 13, , 4, 2015
2/26, 40, , 24, 14, , 5, 2015
2/27, 45, , 28, 5, , 3, 2015
2/28, 22, , 28, 6, , 4, 2015
3/1, 21, , 25, 9, , 4, 2015
3/2, 27, , 31, 9, , 4, 2015
3/3, 33, , 25, 16, , 5, 2015
3/4, 35, , 24, 20, , 5, 2015
3/5, 34, , 31, 21, , 6, 2015
3/6, 36, , 29, 21, , 5, 2015
3/7, 43, , 30, 12, , 5, 2015
3/8, 44, , 27, 6, , 4, 2015
3/9, 46, , 23, 9, , 3, 2015
3/10, 49, , 25, 11, , 3, 2015
3/11, 57, , 28, 9, , 3, 2015
3/12, 37, , 21, 14, , 3, 2015
3/13, 31, , 18, 17, , 4, 2015
3/14, 36, , 32, 19, , 5, 2015
3/15, 39, , 28, 10, , 4, 2015
3/16, 25, , 25, 15, , 4, 2015
3/17, 30, , 28, 6, , 2, 2015
3/18, 22, , 25, 13, , 3, 2015
3/19, 29, , 31, 13, , 5, 2015
3/20, 47, , 29, 11, , 4, 2015
3/21, 33, , 26, 5, , 3, 2015
3/22, 27, , 30, 3, , 3, 2015
3/23, 26, , 34, 7, , 4, 2015
3/24, 29, , 29, 7, , 4, 2015
3/25, 26, , 8, 18, , 6, 2015
3/26, 30, , 24, , , , 2015
3/27, 34, , 22, , , , 2015
3/28, 16, , , , , , 2015
3/30, 44, , 27, 5, , 3, 2015
3/31, 45, , 33, 5, , 3, 2015
4/1, 27, , 32, 12, , 5, 2015
10/2, 33, , 31, 30, , 6, 2014
10/3, 35, , 42, 34, , 6, 2014
10/4, 47, , 47, 28, , 6, 2014
10/5, 46, , , , , , 2014
10/7, 27, , 21, 8, , 3, 2014
10/11, 23, , 19, 5, , 3, 2014
10/12, 25, , 24, 17, , 6, 2014
10/13, 46, , 28, 20, , 7, 2014
10/14, 49, , 28, 8, , 4, 2014
10/15, 35, , 25, 8, , 3, 2014
10/16, 20, , 27, 15, , 4, 2014
10/17, 30, , 23, 15, , 4, 2014
10/18, 28, , 25, 10, , 4, 2014
10/19, 24, , 22, 6, , 3, 2014
10/20, 16, , 29, 9, , 4, 2014
10/21, 16, , 27, 13, , 3, 2014
10/22, 18, , 24, 16, , 4, 2014
10/23, 29, , 19, 16, , 4, 2014
10/24, 28, , 23, 11, , 3, 2014
10/25, 29, , 30, 4, , 3, 2014
10/26, 23, , 26, 7, , 2, 2014
10/27, 26, , 22, 16, , 4, 2014
10/28, 27, , 20, 18, , 4, 2014
10/29, 27, , 21, 24, , 7, 2014
10/30, 41, , 26, 20, , 7, 2014
10/31, 40, , 26, 9, , 3, 2014
11/1, 19, , 28, 6, , 3, 2014
11/2, 20, , 23, 11, , 4, 2014
11/3, 25, , 21, 17, , 6, 2014
11/4, 30, , 16, 19, , 5, 2014
11/5, 40, , 19, 27, , 6, 2014
11/6, 45, , 18, 22, , 6, 2014
11/7, 51, , 12, 19, , 6, 2014
11/8, 36, , 25, 21, , 6, 2014
11/9, 42, , 15, 11, , 5, 2014
11/10, 36, , 20, 15, , 5, 2014
11/11, 44, , 29, 11, , 4, 2014
11/12, 31, , 30, 7, , 3, 2014
11/13, 25, , 23, 8, , 3, 2014
11/14, 21, , 27, 10, , 3, 2014
11/15, 35, , 21, 15, , 3, 2014
11/16, 37, , 27, 12, , 3, 2014
11/17, 25, , 20, 14, , 2, 2014
11/18, 27, , 11, 28, , 5, 2014
11/19, 57, , 24, 20, , 4, 2014
11/20, 39, , 18, 18, , 4, 2014
11/21, 41, , 16, 17, , 4, 2014
11/22, 42, , 25, 6, , 3, 2014
11/23, 18, , 21, 14, , 5, 2014
11/24, 21, , 9, 23, , 5, 2014
11/25, 36, , 12, 27, , 7, 2014
11/26, 57, , 13, 28, , 6, 2014
11/27, 64, , 16, 23, , 6, 2014
11/28, 83, , 22, 13, , 4, 2014
11/29, 51, , 20, 9, , 3, 2014
11/30, 27, , 23, 13, , 4, 2014
12/1, 23, , 8, 21, , 6, 2014
12/2, 49, , 18, 14, , 4, 2014
12/3, 16, , 30, 7, , 4, 2014
12/4, 19, , 21, 16, , 5, 2014
12/5, 23, , 21, 16, , 5, 2014
12/6, 32, , 23, 10, , 4, 2014
12/7, 17, , 11, 15, , 5, 2014
12/8, 43, , 13, 16, , 5, 2014
12/9, 33, , 2, 22, , 7, 2014
12/10, 53, , 22, 12, , 5, 2014
12/11, 48, , 29, 9, , 2, 2014
12/12, 15, , 24, 19, , 4, 2014
12/13, 22, , 15, 21, , 4, 2014
12/14, 46, , 19, 10, , 3, 2014
12/15, 24, , 20, 11, , 3, 2014
12/16, 22, , 22, 14, , 4, 2014
12/17, 22, , 30, 19, , 4, 2014
12/18, 33, , 23, 17, , 6, 2014
12/19, 24, , 16, 17, , 4, 2014
12/20, 23, , 22, 14, , 4, 2014
12/21, 48, , 22, 6, , 3, 2014
12/22, 10, , 7, 17, , 6, 2014
12/23, 31, , 4, 18, , 6, 2014
12/24, 41, , 27, 6, , 3, 2014
12/25, 19, , 25, 4, , 2, 2014
12/26, 11, , 23, 13, , 3, 2014
12/27, 18, , 18, 19, , 4, 2014
12/28, 30, , 20, 15, , 4, 2014
12/29, 50, , , , , , 2014
7/2, 20, , 18, 3, , , 2014
7/3, 22, , 19, 3, , , 2014
7/4, 36, , 20, 1, , , 2014
7/5, 35, , 20, 2, , , 2014
7/6, 28, , 17, 2, , , 2014
7/7, 22, , 12, 3, , , 2014
7/8, 15, , 16, 2, , , 2014
7/9, 10, , 14, 3, , , 2014
7/10, 12, , 16, 3, , , 2014
7/11, 7, , 19, 3, , , 2014
7/12, 11, , 20, 2, , , 2014
7/13, 11, , 20, 2, , , 2014
7/14, 21, , 21, 6, , , 2014
7/15, 48, , 22, 4, , , 2014
7/16, 23, , 15, 3, , , 2014
7/17, 15, , 16, 3, , , 2014
7/18, 15, , 16, 3, , , 2014
7/19, 7, , 18, 2, , , 2014
7/20, 10, , 17, 2, , , 2014
7/21, 11, , 18, 3, , , 2014
7/22, 10, , 17, 3, , , 2014
7/23, 6, , 14, 3, , , 2014
7/24, 10, , 17, 7, , , 2014
7/25, 24, , 23, 10, , , 2014
7/26, 54, , 19, 3, , , 2014
7/27, 48, , 16, 2, , , 2014
7/28, 43, , 15, 3, , , 2014
7/29, 23, , 13, 5, , , 2014
7/30, 29, , 11, 3, , , 2014
7/31, 15, , 15, 4, , , 2014
8/1, 23, , 17, 4, , , 2014
8/2, 39, , 17, 2, , , 2014
8/3, 30, , 20, 2, , , 2014
8/4, 26, , 20, 4, , , 2014
8/5, 14, , 15, 6, , , 2014
8/6, 18, , 13, 8, , , 2014
8/7, 23, , 16, 3, , , 2014
8/8, 29, , 16, 3, , , 2014
8/9, 56, , 17, 2, , , 2014
8/10, 46, , 18, 1, , , 2014
8/11, 17, , 21, 4, , , 2014
8/12, 28, , 23, 4, , , 2014
8/13, 15, , 23, 3, , , 2014
8/14, 18, , 14, 3, , , 2014
8/15, 11, , 21, 4, , , 2014
8/16, 22, , 20, 2, , , 2014
8/17, 24, , 20, 2, , , 2014
8/18, 16, , 24, 3, , , 2014
8/19, 17, , 20, 4, , , 2014
8/20, 14, , 19, 4, , , 2014
8/21, 13, , 18, 4, , , 2014
8/22, 15, , 21, 3, , , 2014
8/23, 18, , 23, 2, , , 2014
8/24, 17, , 24, 2, , , 2014
8/25, 15, , 29, 3, , , 2014
8/26, 24, , 26, 4, , , 2014
8/27, 13, , 26, 5, , , 2014
8/28, 28, , 21, 4, , , 2014
8/29, 17, , 15, 4, , , 2014
8/30, 18, , 18, 3, , , 2014
8/31, 27, , 24, 2, , , 2014
9/1, 28, , 22, 3, , , 2014
9/2, 47, , 21, 3, , , 2014
9/3, 25, , 23, 5, , , 2014
9/4, 32, , 27, 5, , , 2014
9/5, 44, , 30, 5, , , 2014
9/6, 57, , 36, 3, , , 2014
9/7, 69, , 36, 2, , , 2014
9/8, 48, , 35, 4, , , 2014
9/9, 43, , 28, 6, , 3, 2014
9/10, 32, , 21, 13, , 4, 2014
9/11, 44, , 26, 11, , 4, 2014
9/12, 41, , 21, 8, , 4, 2014
9/13, 41, , 27, 4, , 3, 2014
9/14, 40, , 29, 3, , 3, 2014
9/15, 44, , 27, 4, , 3, 2014
9/16, 34, , 21, 7, , 3, 2014
9/17, 28, , 20, 5, , 2, 2014
9/18, 24, , 20, 4, , 2, 2014
9/19, 21, , 19, 5, , 2, 2014
9/20, 21, , 23, 3, , 2, 2014
9/21, 19, , 22, 2, , 2, 2014
9/22, 14, , 25, 5, , 3, 2014
9/23, 18, , 17, 5, , 2, 2014
9/24, 11, , 21, 4, , 2, 2014
9/25, 11, , 27, 6, , 3, 2014
9/26, 13, , 24, 7, , 3, 2014
9/27, 24, , 21, 5, , 2, 2014
9/28, 30, , 22, 3, , 2, 2014
9/29, 40, , 21, 5, , 2, 2014
9/30, 34, , 17, 9, , 3, 2014
10/1, 27, , 26, 21, , 5, 2014
4/2, 18, , 30, 11, , , 2014
4/3, 18, , 28, 10, , , 2014
4/4, 19, , 28, 7, , , 2014
4/5, 14, , 26, 9, , , 2014
4/6, 23, , 20, 11, , , 2014
4/7, 39, , 26, 18, , , 2014
4/8, 41, , 27, 16, , , 2014
4/9, 34, , 15, 5, , , 2014
4/10, 16, , 18, 9, , , 2014
4/11, 29, , 29, 5, , , 2014
4/12, 33, , 31, 3, , , 2014
4/13, 41, , 33, 3, , , 2014
4/14, 44, , 28, 6, , , 2014
4/15, 47, , 28, 5, , , 2014
4/16, 50, , 30, 8, , , 2014
4/17, 52, , 29, 7, , , 2014
4/18, 44, , 34, 8, , , 2014
4/19, 37, , 37, 3, , , 2014
4/20, 21, , 33, 8, , , 2014
4/21, 34, , 29, 7, , , 2014
4/22, 50, , 38, 5, , , 2014
4/23, 19, , 32, 10, , , 2014
4/24, 13, , 29, 6, , , 2014
4/25, 21, , 34, 8, , , 2014
4/26, 13, , 34, 5, , , 2014
4/27, 9, , 33, 3, , , 2014
4/28, 20, , 30, 12, , , 2014
4/29, 34, , 31, 21, , , 2014
4/30, 33, , 59, 20, , , 2014
5/1, 38, , 44, 20, , , 2014
5/2, 38, , 21, 8, , , 2014
5/3, 16, , 32, 3, , , 2014
5/4, 14, , 28, 2, , , 2014
5/5, 16, , 32, 5, , , 2014
5/6, 18, , 26, 9, , , 2014
5/7, 24, , 32, 7, , , 2014
5/8, 37, , 34, 5, , , 2014
5/9, 25, , 31, 5, , , 2014
5/10, 14, , 29, 4, , , 2014
5/11, 13, , 27, 6, , , 2014
5/12, 20, , 27, 16, , , 2014
5/13, 31, , 46, 22, , , 2014
5/14, 40, , 39, 24, , , 2014
5/15, 38, , 27, 19, , , 2014
5/16, 34, , 25, 5, , , 2014
5/17, 36, , 28, 2, , , 2014
5/18, 25, , 27, 3, , , 2014
5/19, 19, , 24, 4, , , 2014
5/20, 16, , 25, 4, , , 2014
5/21, 18, , 29, 4, , , 2014
5/22, 45, , 28, 4, , , 2014
5/23, 22, , 20, 4, , , 2014
5/24, 18, , 24, 2, , , 2014
5/25, 31, , 25, 4, , , 2014
5/26, 46, , 24, 4, , , 2014
5/27, 31, , 27, 5, , , 2014
5/28, 41, , 22, 10, , , 2014
5/29, 29, , 25, 13, , , 2014
5/30, 42, , 33, 3, , , 2014
5/31, 52, , 30, 3, , , 2014
6/1, 34, , 25, 3, , , 2014
6/2, 39, , 25, 3, , , 2014
6/3, 22, , 25, 5, , , 2014
6/4, 23, , 25, 6, , , 2014
6/5, 47, , 24, 4, , , 2014
6/6, 49, , 25, 4, , , 2014
6/7, 44, , 23, 3, , , 2014
6/8, 57, , 25, 8, , , 2014
6/9, 48, , 21, 8, , , 2014
6/10, 53, , 19, 4, , , 2014
6/11, 19, , 22, 5, , , 2014
6/12, 32, , 19, 3, , , 2014
6/13, 19, , 18, 6, , , 2014
6/14, 37, , 22, 6, , , 2014
6/15, 55, , 21, 2, , , 2014
6/16, 55, , 22, 3, , , 2014
6/17, 38, , 18, 8, , , 2014
6/18, 40, , 18, 12, , , 2014
6/19, 48, , 18, 3, , , 2014
6/20, 35, , 26, 4, , , 2014
6/21, 34, , 24, 2, , , 2014
6/22, 49, , 21, 2, , , 2014
6/23, 45, , 20, 5, , , 2014
6/24, 42, , 14, 5, , , 2014
6/25, 32, , 12, 4, , , 2014
6/26, 12, , 18, 5, , , 2014
6/27, 11, , 14, 3, , , 2014
6/28, 9, , 16, 3, , , 2014
6/29, 17, , 18, 5, , , 2014
6/30, 31, , 20, 9, , , 2014
7/1, 53, , 20, 3, , , 2014
1/2, 72, , 14, 34, , , 2014
1/3, 67, , 10, 31, , , 2014
1/4, 61, , 13, 23, , , 2014
1/5, 46, , 22, 23, , , 2014
1/6, 40, , 7, 34, , , 2014
1/7, 77, , 16, 28, , , 2014
1/8, 60, , 19, 11, , , 2014
1/9, 19, , 21, 12, , , 2014
1/10, 29, , 10, 25, , , 2014
1/11, 39, , 19, 15, , , 2014
1/12, 30, , 20, 14, , , 2014
1/13, 28, , 23, 24, , , 2014
1/14, 29, , , , , , 2014
1/16, 52, , 13, 37, , , 2014
1/17, 58, , 15, 39, , , 2014
1/18, 96, , 12, 35, , , 2014
1/19, 69, , 21, 31, , , 2014
1/20, 69, , 9, 35, , , 2014
1/21, 63, , 10, 33, , , 2014
1/22, 47, , 7, 30, , , 2014
1/23, 55, , 24, 18, , , 2014
1/24, 49, , 11, 31, , , 2014
1/25, 79, , 11, 31, , , 2014
1/26, 62, , 23, 25, , , 2014
1/27, 58, , 21, 10, , , 2014
1/28, 36, , 17, 10, , , 2014
1/29, 26, , 15, 9, , , 2014
1/30, 17, , 26, 8, , , 2014
1/31, 28, , 21, 14, , , 2014
2/1, 23, , 23, 13, , , 2014
2/2, 19, , 26, 7, , , 2014
2/3, 20, , 22, 14, , , 2014
2/4, 23, , 18, 17, , , 2014
2/5, 26, , 24, 13, , , 2014
2/6, 16, , 21, 15, , , 2014
2/7, 26, , 27, 12, , , 2014
2/8, 21, , 25, 3, , , 2014
2/9, 37, , 25, 3, , , 2014
2/10, 20, , 18, 11, , , 2014
2/11, 18, , 11, 10, , , 2014
2/12, 21, , 16, 13, , , 2014
2/13, 30, , 17, 12, , , 2014
2/14, 22, , 13, 11, , , 2014
2/15, 15, , 16, 11, , , 2014
2/16, 27, , 25, 11, , , 2014
2/17, 27, , 22, 14, , , 2014
2/18, 28, , 23, 17, , , 2014
2/19, 32, , 25, 10, , , 2014
2/20, 22, , 17, 18, , , 2014
2/21, 30, , 18, 18, , , 2014
2/22, 33, , 16, 12, , , 2014
2/23, 39, , 16, 8, , , 2014
2/24, 33, , 23, 17, , , 2014
2/25, 36, , 30, 10, , , 2014
2/26, 44, , 28, 8, , , 2014
2/27, 26, , 30, 10, , , 2014
2/28, 26, , 30, 7, , , 2014
3/1, 16, , 27, 8, , , 2014
3/2, 20, , 28, 7, , , 2014
3/3, 16, , 20, 14, , , 2014
3/4, 21, , 20, 15, , , 2014
3/5, 23, , 20, 13, , , 2014
3/6, 33, , 26, 10, , , 2014
3/7, 35, , 22, 13, , , 2014
3/8, 32, , 20, 14, , , 2014
3/9, 39, , 25, 14, , , 2014
3/10, 28, , 26, 9, , , 2014
3/11, 20, , 29, 11, , , 2014
3/12, 15, , 25, 14, , , 2014
3/13, 31, , 23, 18, , , 2014
3/14, 24, , 22, 9, , , 2014
3/15, 45, , 19, 16, , , 2014
3/16, 33, , 30, 9, , , 2014
3/17, 30, , 25, 7, , , 2014
3/18, 28, , 25, 19, , , 2014
3/19, 35, , 24, 22, , , 2014
3/20, 34, , 29, 13, , , 2014
3/21, 51, , 28, 5, , , 2014
3/22, 51, , 26, 6, , , 2014
3/23, 53, , 29, 5, , , 2014
3/24, 37, , 30, 14, , , 2014
3/25, 39, , 28, 9, , , 2014
3/26, 21, , 28, 6, , , 2014
3/27, 25, , 29, 6, , , 2014
3/28, 34, , 23, 7, , , 2014
3/29, 18, , 28, 5, , , 2014
3/30, 20, , 29, 4, , , 2014
3/31, 18, , 30, 11, , , 2014
4/1, 16, , 28, 12, , , 2014